Record,Description,Name,Value1,Value2,Country,Detail
1,Eldon Base for stackable storage shelf,Muhammed MacIntyre,3,-213.25,Nunavut,Storage & Organization
2,"1.7 Cubic Foot Compact ""Cube"" Office Refrigerators",Barry French,293,457.81,Nunavut,Appliances
3,Cardinal Slant-D® Ring Binder,Barry French,293,46.71,Nunavut,Binders and Binder Accessories
4,R380,Clay Rozendal,483,1198.97,Nunavut,Telephones and Communication
5,Holmes HEPA Air Purifier,Carlos Soltero,515,30.94,Nunavut,Appliances
6,G.E. Longer-Life Indoor Recessed Floodlight Bulbs,Carlos Soltero,515,4.43,Nunavut,Office Furnishings
7,Angle-D Binders with Locking Rings,Carl Jackson,613,-54.04,Nunavut,Binders and Binder Accessories
8,SAFCO Mobile Desk Side File,Carl Jackson,613,127.7,Nunavut,Storage & Organization
9,SAFCO Commercial Wire Shelving,Monica Federle,643,-695.26,Nunavut,Storage & Organization
10,Xerox 198,Dorothy Badders,678,-226.36,Nunavut,Paper
11,Xerox 1980,Neola Schneider,807,-166.85,Nunavut,Paper
12,Advantus Map Pennant Flags and Round Head Tacks,Neola Schneider,807,-14.33,Nunavut,Rubber Bands
13,Holmes HEPA Air Purifier,Carlos Daly,868,134.72,Nunavut,Appliances
14,DS/HD IBM Formatted Diskettes,Carlos Daly,868,114.46,Nunavut,Computer Peripherals
15,"Wilson Jones 1"" Hanging DublLock® Ring Binders",Claudia Miner,933,-4.72,Nunavut,Binders and Binder Accessories
16,Ultra Commercial Grade Dual Valve Door Closer,Neola Schneider,995,782.91,Nunavut,Office Furnishings
17,"#10-4 1/8"" x 9 1/2"" Premium Diagonal Seam Envelopes",Allen Rosenblatt,998,93.8,Nunavut,Envelopes
18,Hon 4-Shelf Metal Bookcases,Sylvia Foulston,1154,440.72,Nunavut,Bookcases
19,Lesro Sheffield Collection Coffee Table,Sylvia Foulston,1154,-481.04,Nunavut,Tables
20,g520,Jim Radford,1344,-11.68,Nunavut,Telephones and Communication
21,LX 788,Jim Radford,1344,313.58,Nunavut,Telephones and Communication
22,Avery 52,Carlos Soltero,1412,26.92,Nunavut,Labels
23,Plymouth Boxed Rubber Bands by Plymouth,Carlos Soltero,1412,-5.77,Nunavut,Rubber Bands
24,GBC Pre-Punched Binding Paper,Carl Ludwig,1539,-172.88,Nunavut,Binders and Binder Accessories
25,"Maxell 3.5"" DS/HD IBM-Formatted Diskettes",Carl Ludwig,1539,-144.55,Nunavut,Computer Peripherals
26,Newell 335,Don Miller,1540,5.76,Nunavut,Pens & Art Supplies
27,SANFORD Liquid Accent™ Tank-Style Highlighters,Annie Cyprus,1702,4.9,Nunavut,Pens & Art Supplies
28,Canon PC940 Copier,Carl Ludwig,1761,-547.61,Nunavut,Copiers and Fax
29,Tenex Personal Project File with Scoop Front Design,Carlos Soltero,1792,-5.45,Nunavut,Storage & Organization
30,Col-Erase® Pencils with Erasers,Grant Carroll,2275,41.67,Nunavut,Pens & Art Supplies
31,"Imation 3.5"" DS/HD IBM Formatted Diskettes",Don Miller,2277,-46.03,Nunavut,Computer Peripherals
32,White Dual Perf Computer Printout Paper,Don Miller,2277,33.67,Nunavut,Paper
33,Self-Adhesive Address Labels for Typewriters by Universal,Alan Barnes,2532,140.01,Nunavut,Labels
34,Accessory37,Alan Barnes,2532,-78.96,Nunavut,Telephones and Communication
35,Fuji 5.2GB DVD-RAM,Jack Garza,2631,252.66,Nunavut,Computer Peripherals
36,Bevis Steel Folding Chairs,Julia West,2757,-1766.01,Nunavut,Chairs & Chairmats
37,Avery Binder Labels,Eugene Barchas,2791,-236.27,Nunavut,Binders and Binder Accessories
38,Hon Every-Day® Chair Series Swivel Task Chairs,Eugene Barchas,2791,80.44,Nunavut,Chairs & Chairmats
39,IBM Multi-Purpose Copy Paper,Eugene Barchas,2791,118.94,Nunavut,Paper
40,Global Troy™ Executive Leather Low-Back Tilter,Edward Hooks,2976,3424.22,Nunavut,Chairs & Chairmats
41,XtraLife® ClearVue™ Slant-D® Ring Binders by Cardinal,Brad Eason,3232,-11.83,Nunavut,Binders and Binder Accessories
42,Computer Printout Paper with Letter-Trim Perforations,Nicole Hansen,3524,52.35,Nunavut,Paper
43,6160,Dorothy Wardle,3908,-180.2,Nunavut,Telephones and Communication
44,Avery 49,Aaron Bergman,4132,1.32,Nunavut,Labels
45,Hoover Portapower™ Portable Vacuum,Jim Radford,4612,-375.64,Nunavut,Appliances
46,Timeport L7089,Annie Cyprus,4676,-104.25,Nunavut,Telephones and Communication
47,Avery 510,Annie Cyprus,4676,85.96,Nunavut,Labels
48,Xerox 1881,Annie Cyprus,4676,-8.38,Nunavut,Paper
49,LX 788,Annie Cyprus,4676,1115.69,Nunavut,Telephones and Communication
50,Cardinal Slant-D® Ring Binder,Annie Cyprus,5284,-3.05,Nunavut,Binders and Binder Accessories
51,Memorex 4.7GB DVD-RAM,Clay Rozendal,5316,514.07,Nunavut,Computer Peripherals
52,Unpadded Memo Slips,Don Jones,5409,-7.04,Nunavut,Paper
53,Adams Telephone Message Book W/Dividers/Space For Phone Numbers,Beth Thompson,5506,4.41,Nunavut,Paper
54,Eldon Expressions™ Desk Accessory,Frank Price,5569,-0.06,Nunavut,Office Furnishings
55,Bell Sonecor JB700 Caller ID,Michelle Lonsdale,5607,-50.33,Nunavut,Telephones and Communication
56,Avery Arch Ring Binders,Ann Chong,5894,87.68,Nunavut,Binders and Binder Accessories
57,APC 7 Outlet Network SurgeArrest Surge Protector,Ann Chong,5894,-68.22,Nunavut,Appliances
58,Deflect-o RollaMat Studded,Joy Bell,5925,-354.9,Nunavut,Office Furnishings
59,Accessory4,Joy Bell,5925,-267.01,Nunavut,Telephones and Communication
60,Personal Creations™ Ink Jet Cards and Labels,Skye Norling,6016,3.63,Nunavut,Paper
61,High Speed Automatic Electric Letter Opener,Barry Weirich,6116,-1759.58,Nunavut,"Scissors, Rulers and Trimmers"
62,Xerox 1966,Grant Carroll,6182,-116.79,Nunavut,Paper
63,Xerox 213,Grant Carroll,6182,-67.28,Nunavut,Paper
64,Boston Electric Pencil Sharpener,Adrian Hane,6535,-19.33,Nunavut,Pens & Art Supplies
65,Hammermill CopyPlus Copy Paper (20Lb. and 84 Bright),Skye Norling,6884,-61.21,Nunavut,Paper
66,Telephone Message Books with Fax/Mobile Section,Skye Norling,6884,119.09,Nunavut,Paper
67,Crate-A-Files™,Andrew Gjertsen,6916,-141.27,Nunavut,Storage & Organization
68,Angle-D Binders with Locking Rings,Ralph Knight,6980,-77.28,Nunavut,Binders and Binder Accessories
69,80 Minute CD-R Spindle,Dorothy Wardle,6982,407.44,Nunavut,Computer Peripherals
70,Bush Westfield Collection Bookcases,Dorothy Wardle,6982,-338.27,Nunavut,Bookcases
71,12-1/2 Diameter Round Wall Clock,Dorothy Wardle,6982,52.56,Nunavut,Office Furnishings
72,SAFCO Arco Folding Chair,Grant Carroll,7110,1902.24,Nunavut,Chairs & Chairmats
73,#10 White Business Envelopes,Barry Weirich,7430,353.2,Nunavut,Envelopes
74,3M Office Air Cleaner,Beth Paige,7906,271.78,Nunavut,Appliances
75,Global Leather and Oak Executive Chair,Sylvia Foulston,8391,-268.36,Nunavut,Chairs & Chairmats
76,Xerox 1936,Nicole Hansen,8419,70.39,Nunavut,Paper
77,Xerox 214,Nicole Hansen,8419,-86.62,Nunavut,Paper
78,Carina Double Wide Media Storage Towers in Natural & Black,Nicole Hansen,8833,-846.73,Nunavut,Storage & Organization
79,Staples® General Use 3-Ring Binders,Beth Paige,8995,8.05,Nunavut,Binders and Binder Accessories
80,Xerox 1904,Beth Paige,8995,-78.02,Northwest Territories,Paper
81,Luxo Professional Combination Clamp-On Lamps,Beth Paige,8995,737.94,Northwest Territories,Office Furnishings
82,Xerox 217,Beth Paige,8995,-191.28,Northwest Territories,Paper
83,Revere Boxed Rubber Bands by Revere,Beth Paige,8995,-21.49,Northwest Territories,Rubber Bands
84,Acco Smartsocket™ Table Surge Protector,Sylvia Foulston,9126,884.08,Northwest Territories,Appliances
85,Tennsco Snap-Together Open Shelving Units,Bryan Davis,9127,-329.49,Northwest Territories,Storage & Organization
86,Hon 4070 Series Pagoda™ Round Back Stacking Chairs,Joy Bell,9509,2825.15,Northwest Territories,Chairs & Chairmats
87,Xerox 1887,Joy Bell,9509,2.13,Northwest Territories,Paper
88,Xerox 1891,Joy Bell,9509,707.15,Northwest Territories,Paper
89,Avery 506,Alan Barnes,9763,75.13,Northwest Territories,Labels
90,Bush Heritage Pine Collection 5-Shelf Bookcase,Grant Carroll,9927,-270.63,Northwest Territories,Bookcases
91,Lifetime Advantage™ Folding Chairs,Grant Carroll,9927,3387.35,Northwest Territories,Chairs & Chairmats
92,Microsoft Natural Multimedia Keyboard,Grant Carroll,9927,-82.16,Northwest Territories,Computer Peripherals
93,Staples Wirebound Steno Books,Delfina Latchford,10022,-3.88,Northwest Territories,Paper
94,GBC Pre-Punched Binding Paper,Don Jones,10437,-191.22,Northwest Territories,Binders and Binder Accessories
95,Bevis Boat-Shaped Conference Table,Doug Bickford,10499,31.21,Northwest Territories,Tables
96,"Linden® 12"" Wall Clock With Oak Frame",Doug Bickford,10535,-44.14,Northwest Territories,Office Furnishings
97,Newell 326,Doug Bickford,10535,-0.79,Northwest Territories,Pens & Art Supplies
98,Prismacolor Color Pencil Set,Jamie Kunitz,10789,76.42,Northwest Territories,Pens & Art Supplies
99,Xerox Blank Computer Paper,Anthony Johnson,10791,93.36,Northwest Territories,Paper
100,600 Series Flip,Ralph Knight,10945,4.22,Northwest Territories,Telephones and Communication
101,Fellowes Recycled Storage Drawers,Allen Rosenblatt,11137,395.12,Northwest Territories,Storage & Organization
102,Satellite Sectional Post Binders,Barry Weirich,11202,79.59,Northwest Territories,Binders and Binder Accessories
103,Deflect-o DuraMat Antistatic Studded Beveled Mat for Medium Pile Carpeting,Doug Bickford,11456,399.37,Northwest Territories,Office Furnishings
104,Avery 487,Carl Jackson,11460,37.79,Northwest Territories,Labels
105,Bevis Round Conference Table Top & Single Column Base,Brendan Dodson,11495,-144.2,Northwest Territories,Tables
106,GBC Twin Loop™ Wire Binding Elements,Edward Hooks,11911,-14.75,Northwest Territories,Binders and Binder Accessories
107,Hanging Personal Folder File,Jamie Kunitz,11941,-41.01,Northwest Territories,Storage & Organization
108,Bevis Round Conference Table Top,Jamie Kunitz,11941,111.52,Northwest Territories,Tables
109,5125,Michelle Lonsdale,12096,2332.4,Northwest Territories,Telephones and Communication
110,Electrix Halogen Magnifier Lamp,Michelle Lonsdale,12096,2176.19,Northwest Territories,Office Furnishings
111,Canon BP1200DH 12-Digit Bubble Jet Printing Calculator,Brendan Dodson,12289,1269.05,Northwest Territories,Office Machines
112,Fellowes Black Plastic Comb Bindings,Hunter Glantz,12352,-32.82,Northwest Territories,Binders and Binder Accessories
113,Polycom ViewStation™ Adapter H323 Videoconferencing Unit,Sylvia Foulston,12419,5322.14,Northwest Territories,Office Machines
114,Hon GuestStacker Chair,Eugene Barchas,12485,1068.48,Northwest Territories,Chairs & Chairmats
115,Eldon® Wave Desk Accessories,Jim Radford,12544,-129.01,Northwest Territories,Office Furnishings
116,Sharp AL-1530CS Digital Copier,Carlos Soltero,12704,1260.51,Northwest Territories,Copiers and Fax
117,Tennsco Lockers,Carlos Soltero,12704,-1274.02,Northwest Territories,Storage & Organization
118,Avery 4027 File Folder Labels for Dot Matrix Printers,Carlos Soltero,12771,-193.44,Northwest Territories,Labels
119,Newell 323,Carlos Soltero,12771,-43.1,Northwest Territories,Pens & Art Supplies
120,Global Enterprise Series Seating High-Back Swivel/Tilt Chairs,Jim Radford,12929,-158.93,Northwest Territories,Chairs & Chairmats
121,Spiral Phone Message Books with Labels by Adams,Jim Radford,12929,29.68,Northwest Territories,Paper
122,Crate-A-Files™,Grant Carroll,13280,-116.76,Northwest Territories,Storage & Organization
123,Bell Sonecor JB700 Caller ID,Grant Carroll,13280,-160.95,Northwest Territories,Telephones and Communication
124,Holmes 99% HEPA Air Purifier,Skye Norling,13313,-209.61,Northwest Territories,Appliances
125,Xerox 224,Doug Bickford,13346,-240.83,Northwest Territories,Paper
126,Xerox 1906,Grant Carroll,13702,12.32,Northwest Territories,Paper
127,GBC Pre-Punched Binding Paper,Muhammed MacIntyre,13795,-119.08,Northwest Territories,Binders and Binder Accessories
128,Xerox 188,Muhammed MacIntyre,13795,43.35,Northwest Territories,Paper
129,Xerox 1932,Muhammed MacIntyre,13795,545.49,Northwest Territories,Paper
130,GBC Linen Binding Covers,Doug Bickford,14116,-16.07,Northwest Territories,Binders and Binder Accessories
131,GBC Recycled Grain Textured Covers,Doug Bickford,14116,161.48,Northwest Territories,Binders and Binder Accessories
132,Sauder Facets Collection Library,Beth Thompson,14372,-1059.2,Northwest Territories,Bookcases
133,Fellowes Basic 104-Key Keyboard,Ralph Knight,14726,-21.48,Northwest Territories,Computer Peripherals
134,Kensington 7 Outlet MasterPiece Power Center with Fax/Phone Line Protection,Carl Jackson,14819,3122.78,Northwest Territories,Appliances
135,O'Sullivan 3-Shelf Heavy-Duty Bookcases,Carl Jackson,14819,-478.22,Northwest Territories,Bookcases
136,G.E. Longer-Life Indoor Recessed Floodlight Bulbs,Dorothy Badders,15106,-14.23,Northwest Territories,Office Furnishings
137,Panasonic KX-P1150 Dot Matrix Printer,Dorothy Badders,15106,948.79,Northwest Territories,Office Machines
138,Newell 327,Dorothy Badders,15106,-6.33,Northwest Territories,Pens & Art Supplies
139,Xerox 1893,Delfina Latchford,15108,372.36,Northwest Territories,Paper
140,Hon Deluxe Fabric Upholstered Stacking Chairs,Julia West,15205,678.26,Northwest Territories,Chairs & Chairmats
141,Eldon Radial Chair Mat for Low to Medium Pile Carpets,Julia West,15205,155.72,Northwest Territories,Office Furnishings
142,DAX Copper Panel Document Frame,Brad Eason,15591,73.53,Northwest Territories,Office Furnishings
143,O'Sullivan 2-Shelf Heavy-Duty Bookcases,Thomas Seio,15907,-1414.41,Northwest Territories,Bookcases
144,"Tenex 46"" x 60"" Computer Anti-Static Chairmat",Thomas Seio,15907,950.68,Northwest Territories,Office Furnishings
145,Wirebound Message Books,Thomas Seio,15907,-5.41,Northwest Territories,Paper
146,Memorex Slim 80 Minute CD-R,Monica Federle,15937,74.07,Northwest Territories,Computer Peripherals
147,Aluminum Document Frame,Monica Federle,15937,77.38,Northwest Territories,Office Furnishings
148,Memorex 80 Minute CD-R Spindle,Michelle Lonsdale,16039,-118.82,Northwest Territories,Computer Peripherals
149,Multi-Use Personal File Cart and Caster Set,Frank Price,16193,6.41,Northwest Territories,Storage & Organization
150,Accessory36,Frank Price,16193,-183.68,Northwest Territories,Telephones and Communication
151,Xerox 20,Bryan Davis,16423,-55.13,Northwest Territories,Paper
152,Surelock™ Post Binders,Don Jones,16451,58.23,Northwest Territories,Binders and Binder Accessories
153,Colorific® Watercolor Pencils,Carlos Soltero,16545,4.45,Northwest Territories,Pens & Art Supplies
154,*Staples* vLetter Openers,Carlos Soltero,16545,-3.06,Northwest Territories,"Scissors, Rulers and Trimmers"
155,Hon 4700 Series Mobuis™ Mid-Back Task Chairs with Adjustable Arms,Nicole Hansen,16547,1240.25,Northwest Territories,Chairs & Chairmats
156,BoxOffice By Design Rectangular and Half-Moon Meeting Room Tables,Nicole Hansen,16547,-533.23,Northwest Territories,Tables
157,Eldon Econocleat® Chair Mats for Low Pile Carpets,Beth Thompson,16706,-1003.58,Northwest Territories,Office Furnishings
158,Prang Drawing Pencil Set,Beth Thompson,16706,-4.06,Northwest Territories,Pens & Art Supplies
159,T39m,Beth Thompson,16706,1881.58,Northwest Territories,Telephones and Communication
160,Xerox 1982,Nicole Hansen,16741,-42.38,Northwest Territories,Paper
161,Xerox 1924,Carlos Soltero,16932,-120.99,Northwest Territories,Paper
162,Turquoise Lead Holder with Pocket Clip,Carlos Soltero,16932,12.88,Northwest Territories,Pens & Art Supplies
163,Okidata ML395C Color Dot Matrix Printer,Dorothy Badders,17283,-2816.34,Northwest Territories,Office Machines
164,Global Enterprise Series Seating High-Back Swivel/Tilt Chairs,Muhammed MacIntyre,17286,-541.87,Northwest Territories,Chairs & Chairmats
165,Microsoft Internet Keyboard,Muhammed MacIntyre,17409,-158.87,Northwest Territories,Computer Peripherals
166,Xerox 1982,Don Miller,17764,-97.28,Northwest Territories,Paper
167,Global Ergonomic Managers Chair,Sylvia Foulston,18080,-80.83,Northwest Territories,Chairs & Chairmats
168,Office Star - Contemporary Task Swivel chair with 2-way adjustable arms,Becky Castell,18113,-514.32,Northwest Territories,Chairs & Chairmats
169,Xerox 1971,Dorothy Wardle,18144,-131.82,Northwest Territories,Paper
170,Eldon Portable Mobile Manager,Dorothy Wardle,18144,-65.42,Northwest Territories,Storage & Organization
171,Accessory6,Dorothy Wardle,18144,-250.17,Northwest Territories,Telephones and Communication
172,Durable Pressboard Binders,Ann Chong,18308,15.73,Northwest Territories,Binders and Binder Accessories
173,Fellowes 17-key keypad for PS/2 interface,Ann Chong,18308,-92.58,Northwest Territories,Computer Peripherals
174,StarTAC ST7762,Ann Chong,18308,1465.87,Northwest Territories,Telephones and Communication
175,Accessory21,Clay Rozendal,18887,18.23,Northwest Territories,Telephones and Communication
176,Fellowes PB500 Electric Punch Plastic Comb Binding Machine with Manual Bind,Grant Carroll,19010,10951.31,Northwest Territories,Binders and Binder Accessories
177,Staples 6 Outlet Surge,Brendan Dodson,19078,-18.19,Northwest Territories,Appliances
178,Recycled Eldon Regeneration Jumbo File,Carlos Daly,19138,-31.45,Northwest Territories,Storage & Organization
179,Verbatim DVD-R 4.7GB authoring disc,Alan Barnes,19655,304.42,Northwest Territories,Computer Peripherals
180,Canon P1-DHIII Palm Printing Calculator,Alan Barnes,19686,-53.08,Northwest Territories,Office Machines
181,GBC Binding covers,Alan Barnes,19686,12.76,Northwest Territories,Binders and Binder Accessories
182,Newell 323,Nicole Hansen,20007,-46.25,Northwest Territories,Pens & Art Supplies
183,Global Stack Chair without Arms,Cari Schnelling,20071,-190.41,Northwest Territories,Chairs & Chairmats
184,"Speediset Carbonless Redi-Letter® 7"" x 8 1/2""",Chad Cunningham,20160,174.89,Northwest Territories,Paper
185,GBC Recycled Regency Composition Covers,Bryan Mills,20263,72.51,Northwest Territories,Binders and Binder Accessories
186,Accessory29,Bryan Mills,20263,-76.86,Northwest Territories,Telephones and Communication
187,Newell 323,Adrian Hane,21285,-30.54,Northwest Territories,Pens & Art Supplies
188,SANFORD Major Accent™ Highlighters,Adrian Hane,21285,23.82,Northwest Territories,Pens & Art Supplies
189,Polycom ViaVideo™ Desktop Video Communications Unit,Rick Reed,21383,7416.43,Northwest Territories,Office Machines
190,Dixon Ticonderoga Core-Lock Colored Pencils,Heather Kirkland,21607,54.92,Northwest Territories,Pens & Art Supplies
191,Accessory24,Fred Wasserman,21636,366.51,Northwest Territories,Telephones and Communication
192,"Howard Miller 13-3/4"" Diameter Brushed Chrome Round Wall Clock",Becky Castell,21889,135.79,Northwest Territories,Office Furnishings
193,Recycled Steel Personal File for Standard File Folders,Becky Castell,21889,103.38,Northwest Territories,Storage & Organization
194,Eldon Expressions™ Desk Accessory,Beth Thompson,22151,-79.72,Northwest Territories,Office Furnishings
195,Accessory39,Claudia Miner,22342,-92.96,Northwest Territories,Telephones and Communication
196,Bell Sonecor JB700 Caller ID,Jack Lebron,22469,-162.37,Northwest Territories,Telephones and Communication
197,"#10- 4 1/8"" x 9 1/2"" Security-Tint Envelopes",Alan Barnes,22501,7.27,Northwest Territories,Envelopes
198,GBC Standard Plastic Binding Systems Combs,Carlos Soltero,22532,-11.8,Northwest Territories,Binders and Binder Accessories
199,Xerox 1930,Clay Rozendal,23264,-50.82,Northwest Territories,Paper
200,Avery 474,Clay Rozendal,23264,17.99,Northwest Territories,Labels
201,Riverside Palais Royal Lawyers Bookcase,Julia West,23488,-11053.6,Northwest Territories,Bookcases
202,Hewlett-Packard Deskjet 6122 Color Inkjet Printer,Alan Barnes,23584,636.18,Northwest Territories,Office Machines
203,IBM 80 Minute CD-R Spindle,Joy Bell,24007,135.65,Northwest Territories,Computer Peripherals
204,Peel & Seel® Recycled Catalog Envelopes,Joy Bell,24007,-13.95,Northwest Territories,Envelopes
205,Avery 506,Joy Bell,24007,66.17,Northwest Territories,Labels
206,Prang Drawing Pencil Set,Jack Lebron,24038,-0.95,Northwest Territories,Pens & Art Supplies
207,TDK 4.7GB DVD+RW,Anthony Johnson,24097,-35.34,Northwest Territories,Computer Peripherals
208,U.S. Robotics 56K Internet Call Modem,Anthony Johnson,24097,399.93,Northwest Territories,Computer Peripherals
209,Xerox 190,Anthony Johnson,24097,-8.15,Northwest Territories,Paper
210,Standard Line™ “While You Were Out” Hardbound Telephone Message Book,Eugene Barchas,24128,7.07,Northwest Territories,Paper
211,CF 888,Eugene Barchas,24128,1459.79,Northwest Territories,Telephones and Communication
212,Hewlett-Packard Deskjet 6122 Color Inkjet Printer,Thomas Seio,24294,1951.3,Northwest Territories,Office Machines
213,Dana Halogen Swing-Arm Architect Lamp,Bryan Mills,24387,51.9,Northwest Territories,Office Furnishings
214,SAFCO PlanMaster Heigh-Adjustable Drafting Table Base,Bryan Mills,24387,1418.36,Northwest Territories,Tables
215,Lexmark Z25 Color Inkjet Printer,Eugene Barchas,24515,121.48,Northwest Territories,Office Machines
216,Hon Multipurpose Stacking Arm Chairs,Sylvia Foulston,24743,176.67,Northwest Territories,Chairs & Chairmats
217,Hon Olson Stacker Stools,Sylvia Foulston,24743,753.61,Northwest Territories,Chairs & Chairmats
218,"Executive Impressions 14"" Two-Color Numerals Wall Clock",Carl Ludwig,24871,75.3,Northwest Territories,Office Furnishings
219,12-1/2 Diameter Round Wall Clock,Julia West,25318,-65.18,Northwest Territories,Office Furnishings
220,Epson DFX5000+ Dot Matrix Printer,Don Jones,25377,-3755.03,Northwest Territories,Office Machines
221,Fellowes Basic 104-Key Keyboard,Mike Pelletier,25634,28.99,Northwest Territories,Computer Peripherals
222,Recycled Interoffice Envelopes with String and Button Closure,Mike Pelletier,25634,185.32,Northwest Territories,Envelopes
223,GBC Standard Therm-A-Bind Covers,Eugene Barchas,25733,-42.99,Northwest Territories,Binders and Binder Accessories
224,80 Minute CD-R Spindle,Ann Chong,25767,-59.2,Northwest Territories,Computer Peripherals
225,Xerox 1892,Ann Chong,25767,108.01,Northwest Territories,Paper
226,Staples Paper Clips,Charles McCrossin,26023,19.86,Northwest Territories,Rubber Bands
227,Metal Folding Chairs,Annie Cyprus,26051,-127.39,Northwest Territories,Chairs & Chairmats
228,80 Minute Slim Jewel Case CD-R ,Annie Cyprus,26051,22.46,Northwest Territories,Computer Peripherals
229,Computer Printout Paper with Letter-Trim Perforations,Carlos Soltero,26116,81.71,Northwest Territories,Paper
230,Bush Mission Pointe Library,Doug Bickford,26182,-549.27,Northwest Territories,Bookcases
231,Hon Olson Stacker Stools,Carlos Daly,26272,-4.19,Northwest Territories,Chairs & Chairmats
232,Xerox 1929,Fred Wasserman,26370,52.02,Northwest Territories,Paper
233,Home/Office Personal File Carts,Fred Wasserman,26370,63.83,Northwest Territories,Storage & Organization
234,Avery 507,Sylvia Foulston,26499,8.78,Northwest Territories,Labels
235,i470,Michelle Lonsdale,26531,1215.44,Northwest Territories,Telephones and Communication
236,3M Organizer Strips,Sylvia Foulston,26567,-44.07,Northwest Territories,Binders and Binder Accessories
237,Imation 3.5 IBM Diskettes,Sylvia Foulston,26567,-100.51,Northwest Territories,Computer Peripherals
238,GE 4 Foot Flourescent Tube,Sylvia Foulston,26567,-17.75,Northwest Territories,Office Furnishings
239,300 Series Non-Flip,Sylvia Foulston,26567,1374.95,Northwest Territories,Telephones and Communication
240,"Executive Impressions 13"" Chairman Wall Clock",Charlotte Melton,26854,-12.95,Northwest Territories,Office Furnishings
241,Micro Innovations 104 Keyboard,Barry French,27109,-154.66,Northwest Territories,Computer Peripherals
242,US Robotics 56K V.92 External Faxmodem,Heather Kirkland,27111,-127.56,Northwest Territories,Computer Peripherals
243,Fellowes Staxonsteel® Drawer Files,Heather Kirkland,27111,282.18,Northwest Territories,Storage & Organization
244,Accessory39,Heather Kirkland,27111,-96.34,Northwest Territories,Telephones and Communication
245,Telescoping Adjustable Floor Lamp,Henry Goldwyn,27264,44.54,Northwest Territories,Office Furnishings
246,Canon MP41DH Printing Calculator,Frank Price,27392,2509.52,Northwest Territories,Office Machines
247,Sauder Facets Collection Locker/File Cabinet,Jim Radford,27553,1166.93,Northwest Territories,Storage & Organization
248,VTech VT20-2481 2.4GHz Two-Line Phone System w/Answering Machine,Jim Radford,27553,297.11,Northwest Territories,Telephones and Communication
249,Memo Book,Ralph Knight,27555,65.41,Northwest Territories,Paper
250,Belkin 6 Outlet Metallic Surge Strip,Delfina Latchford,27680,-46.98,Northwest Territories,Appliances
251,Xerox 21,Delfina Latchford,27680,-46.89,Northwest Territories,Paper
252,GBC DocuBind TL200 Manual Binding Machine,Roy Skaria,27778,-105.14,Northwest Territories,Binders and Binder Accessories
253,Sauder Forest Hills Library,Roy Skaria,27778,-393.96,Northwest Territories,Bookcases
254,Xerox 1940,Monica Federle,27909,-23.24,Northwest Territories,Paper
255,Bagged Rubber Bands,Monica Federle,27909,-24.86,Northwest Territories,Rubber Bands
256,Xerox 1897,Charles McCrossin,28003,-95.92,Northwest Territories,Paper
257,Poly Designer Cover & Back,Don Miller,28035,89.56,Northwest Territories,Binders and Binder Accessories
258,Bionaire Personal Warm Mist Humidifier/Vaporizer,Jeremy Lonsdale,28135,520.69,Northwest Territories,Appliances
259,"Acme® 8"" Straight Scissors",Jeremy Lonsdale,28135,38.23,Northwest Territories,"Scissors, Rulers and Trimmers"
260,Heavy-Duty E-Z-D® Binders,Grant Carroll,28165,-12.8,Northwest Territories,Binders and Binder Accessories
261,Hammermill CopyPlus Copy Paper (20Lb. and 84 Bright),Carl Ludwig,28289,-46.03,Northwest Territories,Paper
262,Deluxe Rollaway Locking File with Drawer,Carlos Daly,28486,-517.47,Northwest Territories,Storage & Organization
263,252,Ralph Knight,28675,4.39,Northwest Territories,Telephones and Communication
264,6160,Cindy Schnelling,28870,822.4,Northwest Territories,Telephones and Communication
265,Imation 3.5,Claudia Miner,28871,-56.12,Northwest Territories,Computer Peripherals
266,Prismacolor Color Pencil Set,Roy Skaria,29030,24.6,Northwest Territories,Pens & Art Supplies
267,Wilson Jones DublLock® D-Ring Binders,Delfina Latchford,29095,54.46,Northwest Territories,Binders and Binder Accessories
268,Binder Posts,Edward Hooks,29287,-106.4,Northwest Territories,Binders and Binder Accessories
269,Epson LQ-570e Dot Matrix Printer,Edward Hooks,29287,2699.67,Northwest Territories,Office Machines
270,Atlantic Metals Mobile 3-Shelf Bookcases,Don Miller,29510,1292.44,Northwest Territories,Bookcases
271,Fellowes PB300 Plastic Comb Binding Machine,Grant Carroll,29795,8793.54,Northwest Territories,Binders and Binder Accessories
272,Rush Hierlooms Collection Rich Wood Bookcases,Grant Carroll,29795,813.83,Northwest Territories,Bookcases
273,Avery 481,Brad Eason,29861,5.58,Northwest Territories,Labels
274,Sharp AL-1530CS Digital Copier,Charles McCrossin,30658,6907.61,Northwest Territories,Copiers and Fax
275,SAFCO Commercial Wire Shelving,Charles McCrossin,30658,-942.5,Northwest Territories,Storage & Organization
276,"Avery Trapezoid Extra Heavy Duty 4"" Binders",Charles McCrossin,30947,261.24,Northwest Territories,Binders and Binder Accessories
277,Self-Adhesive Address Labels for Typewriters by Universal,Charles McCrossin,30947,183.53,Northwest Territories,Labels
278,StarTAC Series,Bryan Mills,31077,470.83,Northwest Territories,Telephones and Communication
279,"Rediform Wirebound ""Phone Memo"" Message Book",Monica Federle,31111,-29.02,Northwest Territories,Paper
280,Dana Halogen Swing-Arm Architect Lamp,Michelle Lonsdale,31169,109.88,Northwest Territories,Office Furnishings
281,Global Comet™ Stacking Armless Chair,Michelle Lonsdale,31270,801.72,Northwest Territories,Chairs & Chairmats
282,Hon 4070 Series Pagoda™ Armless Upholstered Stacking Chairs,Michelle Lonsdale,31270,-328.36,Northwest Territories,Chairs & Chairmats
283,Fellowes Internet Keyboard,Michelle Lonsdale,31270,-112.44,Northwest Territories,Computer Peripherals
284,Deluxe Rollaway Locking File with Drawer,Beth Thompson,31364,-539.59,Northwest Territories,Storage & Organization
285,Luxo Economy Swing Arm Lamp,Cindy Schnelling,31393,-27.31,Northwest Territories,Office Furnishings
286,*Staples* vLetter Openers,Cindy Schnelling,31393,-32.65,Northwest Territories,"Scissors, Rulers and Trimmers"
287,Staples 6 Outlet Surge,Nicole Hansen,31492,-12.25,Northwest Territories,Appliances
288,Acco Perma® 2700 Stacking Storage Drawers,Nicole Hansen,31492,-21.1,Northwest Territories,Storage & Organization
289,Fellowes Stor/Drawer® Steel Plus™ Storage Drawers,Nicole Hansen,31492,-235.56,Northwest Territories,Storage & Organization
290,Honeywell Enviracaire Portable HEPA Air Cleaner for 17' x 22' Room,Cari Schnelling,31558,900.06,Northwest Territories,Appliances
291,Verbatim DVD-RAM,Cari Schnelling,31558,455.37,Northwest Territories,Computer Peripherals
292,Lock-Up Easel 'Spel-Binder',Roy Skaria,31618,147.45,Northwest Territories,Binders and Binder Accessories
293,Adams Write n' Stick Phone Message Book,Susan Vittorini,31684,23.48,Northwest Territories,Paper
294,Tenex File Box,Susan Vittorini,31684,-328.18,Northwest Territories,Storage & Organization
295,Fellowes Black Plastic Comb Bindings,Sylvia Foulston,31781,-282.61,Northwest Territories,Binders and Binder Accessories
296,Assorted Color Push Pins,Sylvia Foulston,31781,5.53,Northwest Territories,Rubber Bands
297,HP Office Paper (20Lb. and 87 Bright),Chad Cunningham,32193,-10.25,Northwest Territories,Paper
298,Staples Vinyl Coated Paper Clips,Chad Cunningham,32193,37.33,Northwest Territories,Rubber Bands
299,Canon MP41DH Printing Calculator,Carlos Daly,32229,44.37,Northwest Territories,Office Machines
300,Newell 310,Carlos Daly,32229,-0.12,Northwest Territories,Pens & Art Supplies
301,Kensington 7 Outlet MasterPiece Power Center,Grant Carroll,32743,1280.19,Northwest Territories,Appliances
302,DAX Metal Frame,Julia West,32806,-28.34,Northwest Territories,Office Furnishings
303,Bush Mission Pointe Library,Roy Skaria,33123,-996.67,Northwest Territories,Bookcases
304,Accessory21,Cindy Schnelling,33159,-70.97,Northwest Territories,Telephones and Communication
305,8860,Don Jones,33186,221.18,Northwest Territories,Telephones and Communication
306,Array® Memo Cubes,Beth Thompson,33377,11.94,Northwest Territories,Paper
307,"Fiskars 8"" Scissors",Beth Thompson,33377,47.3,Northwest Territories,"Scissors, Rulers and Trimmers"
308,12 Colored Short Pencils,Alan Barnes,33444,-17.68,Northwest Territories,Pens & Art Supplies
309,Pizazz® Global Quick File™,Alan Barnes,33444,-30.48,Northwest Territories,Storage & Organization
310,Imation 5.2GB DVD-RAM,Carl Ludwig,33703,-131.48,Northwest Territories,Computer Peripherals
311,Acco Perma® 2700 Stacking Storage Drawers,Carl Ludwig,33703,56.26,Northwest Territories,Storage & Organization
312,Portable Personal File Box,Carl Ludwig,33703,-8.47,Northwest Territories,Storage & Organization
313,Snap-A-Way® Black Print Carbonless Speed Message,Jamie Kunitz,33734,106.53,Northwest Territories,Paper
314,Ibico Covers for Plastic or Wire Binding Elements,Heather Kirkland,33888,-44.92,Northwest Territories,Binders and Binder Accessories
315,Hanging Personal Folder File,Heather Kirkland,33888,-35.08,Northwest Territories,Storage & Organization
316,Tennsco Double-Tier Lockers,Heather Kirkland,33888,965.48,Northwest Territories,Storage & Organization
317,Wirebound Message Books,Doug Bickford,33894,11.34,Northwest Territories,Paper
318,"Acme Design Line 8"" Stainless Steel Bent Scissors w/Champagne Handles",Doug Bickford,33894,-32.48,Northwest Territories,"Scissors, Rulers and Trimmers"
319,"Imation 3.5""",Doug Bickford,33894,-173.15,Northwest Territories,Computer Peripherals
320,PC Concepts 116 Key Quantum 3000 Keyboard,Doug Bickford,33894,-119.02,Northwest Territories,Computer Peripherals
321,Epson Stylus 1520 Color Inkjet Printer,Carlos Daly,33922,5353.19,Northwest Territories,Office Machines
322,Avery 494,Toby Braunhardt,34177,9.47,Northwest Territories,Labels
323,Self-Adhesive Address Labels for Typewriters by Universal,Toby Braunhardt,34177,73.18,Northwest Territories,Labels
324,Accessory37,Toby Braunhardt,34177,-83.95,Northwest Territories,Telephones and Communication
325,Wilson Jones 14 Line Acrylic Coated Pressboard Data Binders,Cari Schnelling,34215,-5.92,Northwest Territories,Binders and Binder Accessories
326,Eureka Disposable Bags for Sanitaire® Vibra Groomer I® Upright Vac,Thomas Seio,34246,-257.11,Northwest Territories,Appliances
327,AT&T 2230 Dual Handset Phone With Caller ID/Call Waiting,Thomas Seio,34246,192.33,Northwest Territories,Office Machines
328,Peel & Seel® Recycled Catalog Envelopes,Thomas Seio,34246,1.91,Northwest Territories,Envelopes
329,Cardinal Poly Pocket Divider Pockets for Ring Binders,Brendan Dodson,34631,-22.28,Northwest Territories,Binders and Binder Accessories
330,Canon PC1060 Personal Laser Copier,Brendan Dodson,34631,2808.22,Northwest Territories,Copiers and Fax
331,Sterling Rubber Bands by Alliance,Charlotte Melton,35047,-7.06,Northwest Territories,Rubber Bands
332,Newell 312,Beth Thompson,35266,33.5,Northwest Territories,Pens & Art Supplies
333,BoxOffice By Design Rectangular and Half-Moon Meeting Room Tables,Beth Thompson,35266,-998.94,Northwest Territories,Tables
334,"Imation 3.5"" DS/HD IBM Formatted Diskettes",Eugene Barchas,35847,-144.27,Northwest Territories,Computer Peripherals
335,Avery Flip-Chart Easel Binder,Michelle Lonsdale,36001,-78.36,Northwest Territories,Binders and Binder Accessories
336,GBC Binding covers,Michelle Lonsdale,36001,51.82,Northwest Territories,Binders and Binder Accessories
337,R280,Grant Carroll,36134,-413.33,Northwest Territories,Telephones and Communication
338,Accessory9,Beth Paige,36135,381.17,Northwest Territories,Telephones and Communication
339,U.S. Robotics 56K Internet Call Modem,Dorothy Wardle,36644,218.72,Northwest Territories,Computer Peripherals
340,Tennsco Industrial Shelving,Muhammed MacIntyre,36646,-743.96,Northwest Territories,Storage & Organization
341,Staples Bulldog Clip,Charlotte Melton,36707,71.56,Northwest Territories,Rubber Bands
342,Micro Innovations Micro 3000 Keyboard,Muhammed MacIntyre,37253,-99.55,Northwest Territories,Computer Peripherals
343,Fellowes Basic 104-Key Keyboard,Claudia Miner,37541,-70.68,Northwest Territories,Computer Peripherals
344,Xerox 1882,Claudia Miner,37541,98.32,Northwest Territories,Paper
345,Carina Double Wide Media Storage Towers in Natural & Black,Claudia Miner,37541,-599.54,Northwest Territories,Storage & Organization
346,Portable Personal File Box,Brendan Dodson,37634,-36.78,Northwest Territories,Storage & Organization
347,Acme Hot Forged Carbon Steel Scissors with Nickel-Plated Handles,Dorothy Wardle,37793,-49.31,Northwest Territories,"Scissors, Rulers and Trimmers"
348,Eldon Cleatmat® Chair Mats for Medium Pile Carpets,Mike Pelletier,37860,-98.31,Northwest Territories,Office Furnishings
349,Xerox 4200 Series MultiUse Premium Copy Paper (20Lb. and 84 Bright),Edward Hooks,38884,-119.84,Northwest Territories,Paper
350,Hon 94000 Series Round Tables,Edward Hooks,38884,-98.05,Northwest Territories,Tables
351,Deflect-o RollaMat Studded,Jamie Kunitz,39364,-1.33,Northwest Territories,Office Furnishings
352,Fellowes PB500 Electric Punch Plastic Comb Binding Machine with Manual Bind,Jamie Kunitz,39364,8417.57,Northwest Territories,Binders and Binder Accessories
353,Global High-Back Leather Tilter,Julia West,39457,-1975.26,Northwest Territories,Chairs & Chairmats
354,Poly Designer Cover & Back,Jeremy Lonsdale,39683,168,Northwest Territories,Binders and Binder Accessories
355,Lifetime Advantage™ Folding Chairs,Jeremy Lonsdale,39683,2113.95,Northwest Territories,Chairs & Chairmats
356,DAX Contemporary Wood Frame with Silver Metal Mat,Jeremy Lonsdale,39683,66.97,Northwest Territories,Office Furnishings
357,Stockwell Push Pins,Jeremy Lonsdale,39683,6.37,Northwest Territories,Rubber Bands
358,"Imation 3.5""",Cindy Schnelling,39846,-62.73,Northwest Territories,Computer Peripherals
359,8260,Heather Kirkland,40036,-147.36,Northwest Territories,Telephones and Communication
360,3390,Alan Barnes,40067,519.25,Northwest Territories,Telephones and Communication
361,Global Deluxe Stacking Chair,Hunter Glantz,40132,149.83,Northwest Territories,Chairs & Chairmats
362,Bevis 36 x 72 Conference Tables,Hunter Glantz,40132,-219.38,Northwest Territories,Tables
363,Avery Flip-Chart Easel Binder,Hunter Glantz,40132,-86.2,Northwest Territories,Binders and Binder Accessories
364,"Howard Miller 16"" Diameter Gallery Wall Clock",Julia West,40160,202.87,Northwest Territories,Office Furnishings
365,ACCOHIDE® 3-Ring Binder,Carlos Daly,40518,-12.16,Northwest Territories,Binders and Binder Accessories
366,Global High-Back Leather Tilter,Barry French,40804,-1775.83,Northwest Territories,Chairs & Chairmats
367,Wilson Jones Hanging View Binder,Susan Vittorini,40902,-48.88,Northwest Territories,Binders and Binder Accessories
368,Boston 1730 StandUp Electric Pencil Sharpener,Carl Jackson,41063,-34.09,Northwest Territories,Pens & Art Supplies
369,Accessory31,Carl Jackson,41063,42.27,Northwest Territories,Telephones and Communication
370,Accessory8,Carl Jackson,41063,822.89,Northwest Territories,Telephones and Communication
371,Fellowes 17-key keypad for PS/2 interface,Alan Barnes,41153,-45.1,Northwest Territories,Computer Peripherals
372,Hanging Personal Folder File,Charlotte Melton,41184,-56.06,Northwest Territories,Storage & Organization
373,Ibico Covers for Plastic or Wire Binding Elements,Beth Thompson,41409,-18.25,Northwest Territories,Binders and Binder Accessories
374,Hoover Portapower™ Portable Vacuum,Bryan Mills,41696,-2088.68,Northwest Territories,Appliances
375,Fellowes Command Center 5-outlet power strip,Alan Barnes,42209,-12.82,Northwest Territories,Appliances
376,SAFCO Arco Folding Chair,Alan Barnes,42209,2795.36,Northwest Territories,Chairs & Chairmats
377,Accessory12,Beth Paige,42561,298.48,Northwest Territories,Telephones and Communication
378,Global Leather Highback Executive Chair with Pneumatic Height Adjustment,Mike Pelletier,42564,2155.41,Northwest Territories,Chairs & Chairmats
379,3390,Delfina Latchford,42695,-10.3,Northwest Territories,Telephones and Communication
380,GBC DocuBind TL300 Electric Binding System,Susan Vittorini,42981,232.44,Northwest Territories,Binders and Binder Accessories
381,GBC Prepunched Paper,Dorothy Wardle,43109,-21.85,Northwest Territories,Binders and Binder Accessories
382,Microsoft Internet Keyboard,Dorothy Wardle,43109,-145.78,Northwest Territories,Computer Peripherals
383,TDK 4.7GB DVD-R,Dorothy Wardle,43109,-3.96,Northwest Territories,Computer Peripherals
384,Xerox 1977,Susan Vittorini,43203,-33.69,Northwest Territories,Paper
385,DAX Solid Wood Frames,Jamie Kunitz,43236,10.68,Northwest Territories,Office Furnishings
386,Honeywell Enviracaire® Portable Air Cleaner for up to 8 x 10 Room,Fred Wasserman,43267,171.26,Northwest Territories,Appliances
387,Belkin 8 Outlet SurgeMaster II Gold Surge Protector,Doug Bickford,43329,752.37,Northwest Territories,Appliances
388,8260,Fred Wasserman,43330,337.04,Northwest Territories,Telephones and Communication
389,Recycled Interoffice Envelopes with String and Button Closure,Susan Vittorini,43364,158.98,Northwest Territories,Envelopes
390,Multimedia Mailers,Doug Bickford,43392,2969.81,Northwest Territories,Envelopes
391,White Business Envelopes with Contemporary Seam,Claudia Miner,43781,240.41,Northwest Territories,Envelopes
392,Avery Trapezoid Ring Binder,Claudia Miner,43781,393.41,Northwest Territories,Binders and Binder Accessories
393,DXL™ Angle-View Binders with Locking Rings,Frank Price,44071,-43.75,Northwest Territories,Binders and Binder Accessories
394,8260,Frank Price,44071,83.84,Northwest Territories,Telephones and Communication
395,Newell® 3-Hole Punched Plastic Slotted Magazine Holders for Binders,Dorothy Wardle,44519,-144.76,Northwest Territories,Binders and Binder Accessories
396,Laser & Ink Jet Business Envelopes,Dorothy Wardle,44519,155.69,Northwest Territories,Envelopes
397,Okidata ML390 Turbo Dot Matrix Printers,Dorothy Wardle,44519,5386.32,Northwest Territories,Office Machines
398,Eldon Regeneration Recycled Desk Accessories,Allen Rosenblatt,44708,-37.39,Northwest Territories,Office Furnishings
399,Accessory36,Dorothy Wardle,44772,-232.99,Northwest Territories,Telephones and Communication
400,"Linden® 12"" Wall Clock With Oak Frame",Julia West,44839,-246.3,Northwest Territories,Office Furnishings
401,2160i,Ralph Knight,45217,1864.66,Northwest Territories,Telephones and Communication
402,Global Deluxe High-Back Office Chair in Storm,Michelle Lonsdale,45440,-183.6,Northwest Territories,Chairs & Chairmats
403,"Howard Miller 16"" Diameter Gallery Wall Clock",Charlotte Melton,45766,1026.07,Northwest Territories,Office Furnishings
404,Canon MP100DHII Printing Calculator,Charlotte Melton,45766,1765.48,Northwest Territories,Office Machines
405,Accessory21,Allen Rosenblatt,45861,319.1,Northwest Territories,Telephones and Communication
406,Verbatim DVD-R 4.7GB authoring disc,Neola Schneider,45957,162.83,Northwest Territories,Computer Peripherals
407,"Rediform Wirebound ""Phone Memo"" Message Book",Neola Schneider,45957,-30.92,Northwest Territories,Paper
408,C-Line Cubicle Keepers Polyproplyene Holder w/Velcro® Back,Joy Bell,46912,181.53,Northwest Territories,Office Furnishings
409,Avery 51,Monica Federle,46980,103.16,Northwest Territories,Labels
410,SANFORD Liquid Accent™ Tank-Style Highlighters,Jamie Kunitz,47460,-3.64,Northwest Territories,Pens & Art Supplies
411,Avery Poly Binder Pockets,Susan Vittorini,47462,-166.92,Northwest Territories,Binders and Binder Accessories
412,Dixon My First Ticonderoga Pencil,Susan Vittorini,47462,-1.22,Northwest Territories,Pens & Art Supplies
413,Acco® Hot Clips™ Clips to Go,Susan Vittorini,47462,21.62,Northwest Territories,Rubber Bands
414,Fiskars® Softgrip Scissors,Charles McCrossin,47620,20.27,Northwest Territories,"Scissors, Rulers and Trimmers"
415,"Elite 5"" Scissors",Cari Schnelling,47749,-188.53,Northwest Territories,"Scissors, Rulers and Trimmers"
416,Eldon Wave Desk Accessories,Doug Bickford,47873,-17.38,Northwest Territories,Office Furnishings
417,Avery 478,Don Miller,47943,24.06,Northwest Territories,Labels
418,Boston 16701 Slimline Battery Pencil Sharpener,Don Miller,47943,63.46,Northwest Territories,Pens & Art Supplies
419,Xerox 1982,Fred Wasserman,48101,-39.92,Northwest Territories,Paper
420,Soundgear Copyboard Conference Phone,Bryan Mills,48295,4938.78,Northwest Territories,Office Machines
421,Dot Matrix Printer Tape Reel Labels,Carlos Daly,48839,-37.06,Northwest Territories,Labels
422,Euro Pro Shark Stick Mini Vacuum,Joy Bell,49154,-807.89,Northwest Territories,Appliances
423,Panasonic KX-P1150 Dot Matrix Printer,Claudia Miner,49921,-280.28,Northwest Territories,Office Machines
424,Recycled Eldon Regeneration Jumbo File,Claudia Miner,49921,-7.26,Northwest Territories,Storage & Organization
425,Tenex Contemporary Contur Chairmats for Low and Medium Pile Carpet,Beth Thompson,49952,630.28,Northwest Territories,Office Furnishings
426,Avery 498,Allen Rosenblatt,50117,14.49,Northwest Territories,Labels
427,Premium Transparent Presentation Covers by GBC,Beth Thompson,50278,-27.53,Northwest Territories,Binders and Binder Accessories
428,"Barricks 18"" x 48"" Non-Folding Utility Table with Bottom Storage Shelf",Beth Thompson,50278,-355.94,Northwest Territories,Tables
429,GBC VeloBinder Electric Binding Machine,Susan Vittorini,50374,1443.35,Northwest Territories,Binders and Binder Accessories
430,Brown Kraft Recycled Envelopes,Sylvia Foulston,50565,-138.82,Northwest Territories,Envelopes
431,"Acme® 8"" Straight Scissors",Joy Bell,50688,27.86,Northwest Territories,"Scissors, Rulers and Trimmers"
432,Bell Sonecor JB700 Caller ID,Becky Castell,50754,-58.34,Northwest Territories,Telephones and Communication
433,A1228,Carlos Daly,50914,2763.13,Northwest Territories,Telephones and Communication
434,3M Polarizing Task Lamp with Clamp Arm,Cari Schnelling,51169,-192.92,Northwest Territories,Office Furnishings
435,8290,Jim Radford,51938,-488.31,Northwest Territories,Telephones and Communication
436,Hewlett-Packard Deskjet 5550 Color Inkjet Printer,Allen Rosenblatt,51970,-343.47,Northwest Territories,Office Machines
437,Fellowes Neat Ideas® Storage Cubes,Dorothy Badders,51971,-1129.96,Northwest Territories,Storage & Organization
438,Lesro Round Back Collection Coffee Table,Dorothy Badders,51971,-803.52,Northwest Territories,Tables
439,Avery 492,Mike Pelletier,52193,10.51,Northwest Territories,Labels
440,Newell 343,Mike Pelletier,52193,6.04,Northwest Territories,Pens & Art Supplies
441,Recycled Eldon Regeneration Jumbo File,Doug Bickford,52321,-37.52,Northwest Territories,Storage & Organization
442,SAFCO PlanMaster Heigh-Adjustable Drafting Table Base,Doug Bickford,52321,5626.42,Northwest Territories,Tables
443,Canon S750 Color Inkjet Printer,Susan Vittorini,52386,-188.58,Northwest Territories,Office Machines
444,Panasonic KP-310 Heavy-Duty Electric Pencil Sharpener,Andrew Gjertsen,52807,204.74,Northwest Territories,Pens & Art Supplies
445,AT&T Black Trimline Phone,Muhammed MacIntyre,52929,-90.14,Northwest Territories,Office Machines
446,Newell 318,Muhammed MacIntyre,52929,-6.53,Northwest Territories,Pens & Art Supplies
447,Staples Pen Style Liquid Stix; Assorted (yellow,Muhammed MacIntyre,52929,7.34,Northwest Territories,Pens & Art Supplies
448,Staples Vinyl Coated Paper Clips,Muhammed MacIntyre,52929,19.68,Northwest Territories,Rubber Bands
449,3M Polarizing Task Lamp with Clamp Arm,Jim Radford,52964,828.27,Northwest Territories,Office Furnishings
450,Avery 491,Bryan Davis,53156,56.44,Northwest Territories,Labels
451,Fellowes Black Plastic Comb Bindings,Anthony Johnson,53511,-243.24,Northwest Territories,Binders and Binder Accessories
452,Eldon Expressions™ Desk Accessory,Anthony Johnson,53511,-53.62,Northwest Territories,Office Furnishings
453,O'Sullivan 3-Shelf Heavy-Duty Bookcases,Doug Bickford,53797,-213.32,Northwest Territories,Bookcases
454,T18,Carlos Daly,53990,1411.03,Northwest Territories,Telephones and Communication
455,Sanyo 2.5 Cubic Foot Mid-Size Office Refrigerators,Don Miller,54083,258.01,Northwest Territories,Appliances
456,Honeywell Quietcare HEPA Air Cleaner,Don Jones,54274,328,Northwest Territories,Appliances
457,Staples Colored Bar Computer Paper,Chad Cunningham,54276,299.59,Northwest Territories,Paper
458,Boston 16765 Mini Stand Up Battery Pencil Sharpener,Ralph Arnett,54528,-85.91,Northwest Territories,Pens & Art Supplies
459,Staples Battery-Operated Desktop Pencil Sharpener,Ralph Arnett,54528,-6.38,Northwest Territories,Pens & Art Supplies
460,Eldon® 200 Class™ Desk Accessories,Nicole Hansen,54567,-61.59,Northwest Territories,Office Furnishings
461,Memorex 80 Minute CD-R,Fred Wasserman,54628,115.54,Northwest Territories,Computer Peripherals
462,Global Leather and Oak Executive Chair,Bryan Mills,55298,-165.6,Northwest Territories,Chairs & Chairmats
463,Dual Level,Ralph Arnett,55363,542.16,Northwest Territories,Storage & Organization
464,Fellowes Smart Design 104-Key Enhanced Keyboard,Doug Bickford,55366,-204.65,Northwest Territories,Computer Peripherals
465,"Wilson Jones 1"" Hanging DublLock® Ring Binders",Eugene Barchas,55715,16.65,Northwest Territories,Binders and Binder Accessories
466,Master Giant Foot® Doorstop,Brad Eason,55875,39.29,Northwest Territories,Office Furnishings
467,Perma STOR-ALL™ Hanging File Box,Brad Eason,55875,-104.96,Northwest Territories,Storage & Organization
468,Epson DFX-8500 Dot Matrix Printer,Dorothy Wardle,56453,-5572.39,Northwest Territories,Office Machines
469,Xerox 194,Ralph Knight,57127,171.82,Northwest Territories,Paper
470,SouthWestern Bell FA970 Digital Answering Machine with Time/Day Stamp,Sylvia Foulston,57344,-71.03,Northwest Territories,Telephones and Communication
471,Avery 493,Neola Schneider,57509,101.13,Northwest Territories,Labels
472,"Bevis Round Bullnose 29"" High Table Top",Neola Schneider,57509,-202.58,Northwest Territories,Tables
473,GBC Recycled Regency Composition Covers,Grant Carroll,57600,584.15,Northwest Territories,Binders and Binder Accessories
474,Avery 506,Grant Carroll,57600,85.81,Prince Edward Island,Labels
475,Xerox 197,Grant Carroll,57600,-8.42,Prince Edward Island,Paper
476,Eldon® Expressions™ Wood Desk Accessories,Julia West,58055,-56.45,Prince Edward Island,Office Furnishings
477,Xerox 1935,Muhammed MacIntyre,58144,257.32,Prince Edward Island,Paper
478,Peel & Stick Add-On Corner Pockets,Susan Vittorini,58150,-119.62,Prince Edward Island,Binders and Binder Accessories
479,Eureka The Boss® Cordless Rechargeable Stick Vac,Sylvia Foulston,58340,278.12,Prince Edward Island,Appliances
480,Eldon® Wave Desk Accessories,Doug Bickford,58368,-4.43,Prince Edward Island,Office Furnishings
481,Xerox 1905,Doug Bickford,58368,-206.46,Prince Edward Island,Paper
482,Fellowes Bankers Box™ Staxonsteel® Drawer File/Stacking System,Doug Bickford,58368,-76.11,Prince Edward Island,Storage & Organization
483,"Executive Impressions 13"" Clairmont Wall Clock",Dorothy Badders,58434,268.32,Prince Edward Island,Office Furnishings
484,Global Leather and Oak Executive Chair,Henry Goldwyn,58626,673.77,Prince Edward Island,Chairs & Chairmats
485,Global Troy™ Executive Leather Low-Back Tilter,Henry Goldwyn,58626,2608.72,Prince Edward Island,Chairs & Chairmats
486,Verbatim DVD-RAM,Henry Goldwyn,58626,171.59,Prince Edward Island,Computer Peripherals
487,Staples SlimLine Pencil Sharpener,Grant Carroll,58688,-41.87,Prince Edward Island,Pens & Art Supplies
488,Presstex Flexible Ring Binders,Chad Cunningham,59045,32.87,Prince Edward Island,Binders and Binder Accessories
489,Memorex 4.7GB DVD+RW,Beth Thompson,59047,19.2,Prince Edward Island,Computer Peripherals
490,Eldon Image Series Black Desk Accessories,Beth Thompson,59047,-93.93,Prince Edward Island,Office Furnishings
491,Avery 485,Andrew Gjertsen,59202,21.92,Prince Edward Island,Labels
492,Dixon My First Ticonderoga Pencil,Andrew Gjertsen,59202,7.45,Prince Edward Island,Pens & Art Supplies
493,Global Adaptabilities™ Conference Tables,Sylvia Foulston,59207,-945.56,Prince Edward Island,Tables
494,Kensington 7 Outlet MasterPiece Power Center,Michelle Lonsdale,59234,2109.21,Prince Edward Island,Appliances
495,Global Deluxe Stacking Chair,Michelle Lonsdale,59234,11.46,Prince Edward Island,Chairs & Chairmats
496,Xerox 1885,Cari Schnelling,59395,367.12,Prince Edward Island,Paper
497,Avery 479,Henry Goldwyn,59558,37.73,Prince Edward Island,Labels
498,AT&T Black Trimline Phone,Edward Hooks,59585,-110.93,Prince Edward Island,Office Machines
499,Fellowes Twister Kit,Brendan Dodson,59651,-196.06,Prince Edward Island,Binders and Binder Accessories
500,Eldon Pizzaz™ Desk Accessories,Brendan Dodson,59651,-52.92,Prince Edward Island,Office Furnishings
501,GBC Binding covers,Harold Engle,645,89.45,Prince Edward Island,Binders and Binder Accessories
502,Hewlett-Packard Deskjet 5550 Color Inkjet Printer,Roy French,769,4.15,Prince Edward Island,Office Machines
503,Talkabout T8367,Helen Abelman,773,324.93,Prince Edward Island,Telephones and Communication
504,Logitech Access Keyboard,Guy Armstrong,1187,20.21,Prince Edward Island,Computer Peripherals
505,Fellowes Strictly Business® Drawer File,Jennifer Braxton,2339,-120.45,Prince Edward Island,Storage & Organization
506,Newell 336,Giulietta Baptist,3521,28.71,Prince Edward Island,Pens & Art Supplies
507,Conquest™ 14 Commercial Heavy-Duty Upright Vacuum,Jack Lebron,4007,112.36,Prince Edward Island,Appliances
508,Tennsco Snap-Together Open Shelving Units,Jack Lebron,4007,-232.24,Prince Edward Island,Storage & Organization
509,GBC DocuBind P100 Manual Binding Machine,Erica Bern,4416,2665.4,Prince Edward Island,Binders and Binder Accessories
510,Avery 497,Erica Bern,4454,21.42,Prince Edward Island,Labels
511,SAFCO Folding Chair Trolley,Helen Abelman,5153,1467.82,Prince Edward Island,Chairs & Chairmats
512,Manila Recycled Extra-Heavyweight Clasp Envelopes,Guy Armstrong,5446,44.1,Prince Edward Island,Envelopes
513,Verbatim DVD-RAM,Helen Abelman,8131,191.29,Prince Edward Island,Computer Peripherals
514,Keytronic Designer 104- Key Black Keyboard,Christopher Schild,8994,-580.32,Prince Edward Island,Computer Peripherals
515,Accessory31,Roy French,9027,458.98,Prince Edward Island,Telephones and Communication
516,Avanti 4.4 Cu. Ft. Refrigerator,Roy French,9216,-86.68,Prince Edward Island,Appliances
517,Bush Mission Pointe Library,Jennifer Braxton,9537,-382.38,Prince Edward Island,Bookcases
518,Acco Pressboard Covers with Storage Hooks,Jennifer Braxton,9537,-149.09,Prince Edward Island,Binders and Binder Accessories
519,Ibico Covers for Plastic or Wire Binding Elements,Joy Smith,9574,-68.98,Prince Edward Island,Binders and Binder Accessories
520,Boston KS Multi-Size Manual Pencil Sharpener,Evan Minnotte,10435,-14.31,Prince Edward Island,Pens & Art Supplies
521,Hunt BOSTON® Vista® Battery-Operated Pencil Sharpener,Evan Minnotte,10435,-162.24,Prince Edward Island,Pens & Art Supplies
522,Martin-Yale Premier Letter Opener,Jenna Caffey,10851,-175.13,Prince Edward Island,"Scissors, Rulers and Trimmers"
523,Recycled Premium Regency Composition Covers,Harold Engle,10852,-27.26,Prince Edward Island,Binders and Binder Accessories
524,Atlantic Metals Mobile 5-Shelf Bookcases,Harold Engle,10852,3030.16,Prince Edward Island,Bookcases
525,i1000,Harold Engle,11269,354.96,Prince Edward Island,Telephones and Communication
526,Avery 493,Harold Engle,11269,112.35,Prince Edward Island,Labels
527,Fellowes Super Stor/Drawer®,Harold Engle,11269,-19.32,Prince Edward Island,Storage & Organization
528,Rubbermaid ClusterMat Chairmats,Hilary Holden,11362,569.57,Prince Edward Island,Office Furnishings
529,*Staples* Letter Opener,Hilary Holden,11362,-119.66,Prince Edward Island,"Scissors, Rulers and Trimmers"
530,Canon PC1060 Personal Laser Copier,Hilary Holden,11362,-690.21,Prince Edward Island,Copiers and Fax
531,LX 677,Hilary Holden,11362,424.14,Prince Edward Island,Telephones and Communication
532,Avery Hi-Liter® Fluorescent Desk Style Markers,Christopher Schild,11968,26.09,Prince Edward Island,Pens & Art Supplies
533,"#10- 4 1/8"" x 9 1/2"" Recycled Envelopes",Harold Engle,12293,119.64,Prince Edward Island,Envelopes
534,Acco Suede Grain Vinyl Round Ring Binder,Greg Guthrie,12773,-4.61,Prince Edward Island,Binders and Binder Accessories
535,Eldon Image Series Black Desk Accessories,Greg Guthrie,12773,-49.6,Prince Edward Island,Office Furnishings
536,Xerox 213,Greg Guthrie,12773,-77.18,Prince Edward Island,Paper
537,Newell 342,Greg Guthrie,12773,-50.88,Prince Edward Island,Pens & Art Supplies
538,Staples #10 Laser & Inkjet Envelopes,Guy Armstrong,12934,186.64,Prince Edward Island,Envelopes
539,Newell 337,Guy Armstrong,12934,-66.35,Prince Edward Island,Pens & Art Supplies
540,GBC Binding covers,Joy Smith,13120,82.59,Prince Edward Island,Binders and Binder Accessories
541,GBC Standard Therm-A-Bind Covers,Joy Smith,13120,-17.37,Prince Edward Island,Binders and Binder Accessories
542,Micro Innovations Micro Digital Wireless Keyboard and Mouse,Erica Bern,13604,1166.4,Prince Edward Island,Computer Peripherals
543,Eldon ClusterMat Chair Mat with Cordless Antistatic Protection,Erica Bern,13604,-1396.22,Prince Edward Island,Office Furnishings
544,Xerox 1985,Dan Reichenbach,13927,-21.41,Prince Edward Island,Paper
545,Zoom V.92 V.44 PCI Internal Controllerless FaxModem,Erica Bern,15044,167.37,Prince Edward Island,Computer Peripherals
546,Global Leather and Oak Executive Chair,Guy Armstrong,15139,636.2,Prince Edward Island,Chairs & Chairmats
547,Tennsco Lockers,Guy Armstrong,15139,-1163.21,Prince Edward Island,Storage & Organization
548,Xerox 1920,Evan Minnotte,15463,-193.48,Prince Edward Island,Paper
549,Xerox 1928,Joy Smith,15618,-34.98,Prince Edward Island,Paper
550,Xerox 1939,Joy Smith,15618,26.27,Prince Edward Island,Paper
551,StarTAC 7760,Joy Smith,15618,-11.4,Prince Edward Island,Telephones and Communication
552,Magna Visual Magnetic Picture Hangers,Paul Gonzalez,16100,-115.54,Prince Edward Island,Office Furnishings
553,M3682,Filia McAdams,16320,176.87,Prince Edward Island,Telephones and Communication
554,Xerox 1978,Joy Smith,16419,-103.65,Prince Edward Island,Paper
555,Sauder Forest Hills Library,Greg Guthrie,17090,-443.78,Prince Edward Island,Bookcases
556,Global High-Back Leather Tilter,Greg Guthrie,17090,-1086.43,Prince Edward Island,Chairs & Chairmats
557,Wirebound Message Book,Joy Smith,17315,64.01,Prince Edward Island,Paper
558,Memorex 4.7GB DVD+RW,Joy Smith,17376,425.08,Prince Edward Island,Computer Peripherals
559,Hoover WindTunnel™ Plus Canister Vacuum,Greg Guthrie,18210,2437.17,Prince Edward Island,Appliances
560,Newell 335,Greg Guthrie,18210,12.58,Prince Edward Island,Pens & Art Supplies
561,Zoom V.92 USB External Faxmodem,Jack Lebron,18273,-3.68,Prince Edward Island,Computer Peripherals
562,Telescoping Adjustable Floor Lamp,Joy Smith,18788,-19.33,Prince Edward Island,Office Furnishings
563,Wilson Jones Ledger-Size,Evan Minnotte,19042,54.9,Prince Edward Island,Binders and Binder Accessories
564,Eldon Expressions Punched Metal & Wood Desk Accessories,Chuck Magee,19073,20.08,Prince Edward Island,Office Furnishings
565,Prang Drawing Pencil Set,Chuck Magee,19073,5.81,Prince Edward Island,Pens & Art Supplies
566,Xerox 1992,Filia McAdams,19365,-43.36,Prince Edward Island,Paper
567,TI 36X Solar Scientific Calculator,Jack Lebron,19617,270.69,Prince Edward Island,Office Machines
568,V 3600 Series,Jack Lebron,19617,-296.37,Prince Edward Island,Telephones and Communication
569,Sharp AL-1530CS Digital Copier,Jack Lebron,20033,-1011.32,Prince Edward Island,Copiers and Fax
570,Hon 4-Shelf Metal Bookcases,Harold Engle,21223,-144.43,Prince Edward Island,Bookcases
571,Deflect-o EconoMat Nonstudded,Harold Engle,21223,122.41,Prince Edward Island,Office Furnishings
572,Lock-Up Easel 'Spel-Binder',Jack Lebron,21378,391.6,Prince Edward Island,Binders and Binder Accessories
573,U.S. Robotics 56K Internet Call Modem,Jack Lebron,21378,26.94,Prince Edward Island,Computer Peripherals
574,Boston 1730 StandUp Electric Pencil Sharpener,Frank Atkinson,21542,-27.34,Prince Edward Island,Pens & Art Supplies
575,Bretford CR4500 Series Slim Rectangular Table,Frank Atkinson,21542,715.18,Prince Edward Island,Tables
576,Euro Pro Shark Stick Mini Vacuum,Jack Lebron,22469,-678.63,Prince Edward Island,Appliances
577,Hon 5100 Series Wood Tables,Jack Lebron,22469,40.32,Prince Edward Island,Tables
578,Belkin ErgoBoard™ Keyboard,Evan Minnotte,22656,-77.89,Prince Edward Island,Computer Peripherals
579,Riverleaf Stik-Withit® Designer Note Cubes®,Joy Smith,22695,161.13,Prince Edward Island,Paper
580,Coloredge Poster Frame,Dan Reichenbach,23076,122.21,Prince Edward Island,Office Furnishings
581,8860,Jack Lebron,24038,82.04,Prince Edward Island,Telephones and Communication
582,Xerox 1920,Frank Atkinson,24067,-79.35,Prince Edward Island,Paper
583,252,Frank Atkinson,24067,751.38,Prince Edward Island,Telephones and Communication
584,Sharp 1540cs Digital Laser Copier,Erica Bern,24388,-704.66,Prince Edward Island,Copiers and Fax
585,Holmes Replacement Filter for HEPA Air Cleaner,Jack Lebron,24451,-564.74,Prince Edward Island,Appliances
586,Wilson Jones Impact Binders,Filia McAdams,24806,-57.99,Prince Edward Island,Binders and Binder Accessories
587,GBC DocuBind 200 Manual Binding Machine,Jack Lebron,24965,580.15,Prince Edward Island,Binders and Binder Accessories
588,Deflect-o SuperTray™ Unbreakable Stackable Tray,Jack Lebron,24965,330.63,Prince Edward Island,Office Furnishings
589,Sanford Liquid Accent Highlighters,Giulietta Baptist,25154,13.84,Prince Edward Island,Pens & Art Supplies
590,Holmes Harmony HEPA Air Purifier for 17 x 20 Room,Joy Smith,25315,3506.24,Prince Edward Island,Appliances
591,SANFORD Liquid Accent™ Tank-Style Highlighters,Joy Smith,25315,4.34,Prince Edward Island,Pens & Art Supplies
592,Hon iLevel™ Computer Training Table,Joy Smith,25315,-1048.25,Prince Edward Island,Tables
593,Eldon® 200 Class™ Desk Accessories,Greg Guthrie,25376,-31.83,Prince Edward Island,Office Furnishings
594,80 Minute CD-R Spindle,Carlos Soltero,26240,439.77,Prince Edward Island,Computer Peripherals
595,3M Hangers With Command Adhesive,Carlos Soltero,26240,12,Prince Edward Island,Office Furnishings
596,X-Rack™ File for Hanging Folders,Harold Engle,26791,-48.2,Prince Edward Island,Storage & Organization
597,688,Erica Bern,28836,2342.21,Prince Edward Island,Telephones and Communication
598,Ibico EB-19 Dual Function Manual Binding System,Erica Bern,28836,170.08,Prince Edward Island,Binders and Binder Accessories
599,IBM Multi-Purpose Copy Paper,Hilary Holden,28995,73.19,Prince Edward Island,Paper
600,Southworth 25% Cotton Premium Laser Paper and Envelopes,Hilary Holden,28995,80.92,Prince Edward Island,Paper
601,Timeport L7089,Jack Lebron,29121,575.33,Prince Edward Island,Telephones and Communication
602,Safco Contoured Stacking Chairs,Filia McAdams,29319,1151.69,Prince Edward Island,Chairs & Chairmats
603,Canon PC-428 Personal Copier,Filia McAdams,29319,983.55,Prince Edward Island,Copiers and Fax
604,Staples Standard Envelopes,Greg Guthrie,29382,78.96,Prince Edward Island,Envelopes
605,12-1/2 Diameter Round Wall Clock,Greg Guthrie,29382,35.09,Prince Edward Island,Office Furnishings
606,Lexmark Z55se Color Inkjet Printer,Harold Engle,29445,415.55,Prince Edward Island,Office Machines
607,Binder Clips by OIC,Philip Brown,29762,0.78,Prince Edward Island,Rubber Bands
608,Avanti 4.4 Cu. Ft. Refrigerator,Helen Abelman,30048,433.63,Prince Edward Island,Appliances
609,Fellowes Smart Surge Ten-Outlet Protector,Hilary Holden,30243,650.56,Prince Edward Island,Appliances
610,Canon PC-428 Personal Copier,Hilary Holden,30243,340.88,Prince Edward Island,Copiers and Fax
611,Aluminum Document Frame,Christopher Schild,30372,-7.39,Prince Edward Island,Office Furnishings
612,Wausau Papers Astrobrights® Colored Envelopes,Carlos Soltero,30499,5.66,Prince Edward Island,Envelopes
613,Newell 312,Carlos Soltero,30499,42.34,Prince Edward Island,Pens & Art Supplies
614,Pressboard Covers with Storage Hooks,Erica Bern,32199,-99.76,Prince Edward Island,Binders and Binder Accessories
615,Canon imageCLASS 2200 Advanced Copier,Erica Bern,32199,-3061.82,Prince Edward Island,Copiers and Fax
616,Newell 312,Erica Bern,32199,-0.01,Prince Edward Island,Pens & Art Supplies
617,"Chromcraft Bull-Nose Wood 48"" x 96"" Rectangular Conference Tables",Erica Bern,32327,-1430.45,Prince Edward Island,Tables
618,Verbatim DVD-RAM,Joy Smith,32676,523.43,Prince Edward Island,Computer Peripherals
619,KF 788,Joy Smith,32835,-19.44,Prince Edward Island,Telephones and Communication
620,Imation Neon Mac Format Diskettes,Christopher Schild,32869,-82.83,Prince Edward Island,Computer Peripherals
621,Deflect-o EconoMat Nonstudded,Christopher Schild,32869,25.04,Prince Edward Island,Office Furnishings
622,Sanford Liquid Accent Highlighters,Christopher Schild,32869,-7.51,Prince Edward Island,Pens & Art Supplies
623,2180,Christopher Schild,32869,930.99,Prince Edward Island,Telephones and Communication
624,Sharp AL-1530CS Digital Copier,Evan Minnotte,33763,-234.79,Prince Edward Island,Copiers and Fax
625,"Executive Impressions 14"" Contract Wall Clock",Christopher Schild,34048,-10.74,Prince Edward Island,Office Furnishings
626,*Staples* Highlighting Markers,Greg Guthrie,34275,26.66,Prince Edward Island,Pens & Art Supplies
627,Boston 19500 Mighty Mite Electric Pencil Sharpener,Harold Engle,34438,-30.72,Prince Edward Island,Pens & Art Supplies
628,Xerox 1995,Philip Brown,34880,-62.43,Prince Edward Island,Paper
629,Self-Adhesive Ring Binder Labels,Carlos Soltero,34978,-269.91,Prince Edward Island,Binders and Binder Accessories
630,Catalog Binders with Expanding Posts,Jennifer Braxton,35141,469.28,Prince Edward Island,Binders and Binder Accessories
631,*Staples* Packaging Labels,Dan Reichenbach,35300,7.15,Prince Edward Island,Labels
632,Deflect-o EconoMat Studded,Dan Reichenbach,35300,126.03,Prince Edward Island,Office Furnishings
633,"Recycled Desk Saver Line ""While You Were Out"" Book",Dan Reichenbach,35300,29.62,Prince Edward Island,Paper
634,9-3/4 Diameter Round Wall Clock,Carlos Soltero,35558,-22.12,Prince Edward Island,Office Furnishings
635,Logitech Cordless Elite Duo,Carlos Soltero,36293,250.47,Prince Edward Island,Computer Peripherals
636,Xerox 220,Carlos Soltero,36293,-94.79,Prince Edward Island,Paper
637,Logitech Cordless Elite Duo,Giulietta Baptist,36516,51.3,Prince Edward Island,Computer Peripherals
638,Canon Image Class D660 Copier,Jack Lebron,36677,-734.33,Prince Edward Island,Copiers and Fax
639,12 Colored Short Pencils,Guy Armstrong,37185,-13.27,Prince Edward Island,Pens & Art Supplies
640,Avery Legal 4-Ring Binder,Hilary Holden,37888,274.9,Prince Edward Island,Binders and Binder Accessories
641,Hoover® Commercial Lightweight Upright Vacuum,Jack Lebron,38310,-141.76,Prince Edward Island,Appliances
642,Colored Envelopes,Erica Bern,40327,-20.27,Prince Edward Island,Envelopes
643,Xerox 1953,Erica Bern,40327,-123.87,Prince Edward Island,Paper
644,GBC DocuBind 200 Manual Binding Machine,Harold Engle,40480,3049.45,Prince Edward Island,Binders and Binder Accessories
645,DAX Natural Wood-Tone Poster Frame,Harold Engle,40480,221.81,Prince Edward Island,Office Furnishings
646,Staples Standard Envelopes,Jim Sink,40800,26.11,Prince Edward Island,Envelopes
647,GBC Prepunched Paper,Jennifer Braxton,40835,-8.08,Prince Edward Island,Binders and Binder Accessories
648,Keytronic Designer 104- Key Black Keyboard,Jennifer Braxton,40835,-326.97,Prince Edward Island,Computer Peripherals
649,Recycled Eldon Regeneration Jumbo File,Jennifer Braxton,40835,-6.68,Prince Edward Island,Storage & Organization
650,GBC Standard Plastic Binding Systems Combs,Joy Smith,40871,-5.53,Prince Edward Island,Binders and Binder Accessories
651,Office Star Flex Back Scooter Chair with White Frame,Joy Smith,40871,-157.63,Prince Edward Island,Chairs & Chairmats
652,Xerox 1941,Harold Engle,41570,1037.55,Prince Edward Island,Paper
653,Global Deluxe Stacking Chair,Philip Brown,41991,133.3,Prince Edward Island,Chairs & Chairmats
654,DAX Clear Channel Poster Frame,Philip Brown,41991,68.44,Prince Edward Island,Office Furnishings
655,Tenex B1-RE Series Chair Mats for Low Pile Carpets,Philip Brown,41991,256.66,Prince Edward Island,Office Furnishings
656,Belkin 105-Key Black Keyboard,Giulietta Baptist,42400,11.55,Prince Edward Island,Computer Peripherals
657,Micro Innovations 104 Keyboard,Giulietta Baptist,42400,-168.95,Prince Edward Island,Computer Peripherals
658,GBC Imprintable Covers,Paul Gonzalez,42754,32.19,Prince Edward Island,Binders and Binder Accessories
659,GBC Laser Imprintable Binding System Covers,Logan Haushalter,42918,30.48,Prince Edward Island,Binders and Binder Accessories
660,Sharp EL501VB Scientific Calculator,Logan Haushalter,42918,-54.58,Prince Edward Island,Office Machines
661,Hon Multipurpose Stacking Arm Chairs,Filia McAdams,42944,1061.61,Prince Edward Island,Chairs & Chairmats
662,"Executive Impressions 14""",Carlos Soltero,44037,326.43,Prince Edward Island,Office Furnishings
663,Accessory2,Carlos Soltero,44037,557.6,Prince Edward Island,Telephones and Communication
664,Verbatim DVD-RAM,Erica Bern,44387,475.26,Prince Edward Island,Computer Peripherals
665,Southworth 25% Cotton Antique Laid Paper & Envelopes,Erica Bern,44387,-6.71,Prince Edward Island,Paper
666,Bevis 36 x 72 Conference Tables,Greg Guthrie,44576,-189.35,Prince Edward Island,Tables
667,Xerox 1936,Dan Reichenbach,45601,267.64,Prince Edward Island,Paper
668,Eldon® 400 Class™ Desk Accessories,Jim Sink,45606,-124.25,Prince Edward Island,Office Furnishings
669,Dixon My First Ticonderoga Pencil,Jim Sink,45606,-8.38,Prince Edward Island,Pens & Art Supplies
670,Durable Pressboard Binders,Carlos Soltero,46119,15.27,Prince Edward Island,Binders and Binder Accessories
671,Adams Telephone Message Book w/Frequently-Called Numbers Space,Carlos Soltero,46119,57.31,Prince Edward Island,Paper
672,Bretford “Just In Time” Height-Adjustable Multi-Task Work Tables,Carlos Soltero,46119,-575.35,Prince Edward Island,Tables
673,Array® Parchment Paper,Chuck Magee,46756,-22.45,Prince Edward Island,Paper
674,Avery Durable Poly Binders,Philip Brown,47714,-125.36,Prince Edward Island,Binders and Binder Accessories
675,Dana Swing-Arm Lamps,Hilary Holden,47846,-9.45,Prince Edward Island,Office Furnishings
676,Rubbermaid ClusterMat Chairmats,Hilary Holden,47846,631.99,Prince Edward Island,Office Furnishings
677,"Tenex 46"" x 60"" Computer Anti-Static Chairmat",Hilary Holden,47846,1581.93,Prince Edward Island,Office Furnishings
678,HP Office Paper (20Lb. and 87 Bright),Hilary Holden,47846,-120.08,Prince Edward Island,Paper
679,Bionaire Personal Warm Mist Humidifier/Vaporizer,Greg Guthrie,47876,58.08,Prince Edward Island,Appliances
680,270c,Jennifer Braxton,48067,695.06,Prince Edward Island,Telephones and Communication
681,T28 WORLD,Jennifer Braxton,48067,630.7,Prince Edward Island,Telephones and Communication
682,"#10-4 1/8"" x 9 1/2"" Premium Diagonal Seam Envelopes",Erica Bern,48199,279.74,Prince Edward Island,Envelopes
683,CF 888,Jim Sink,49029,2549.4,Prince Edward Island,Telephones and Communication
684,GBC Standard Therm-A-Bind Covers,Noah Childs,49216,-45.82,Prince Edward Island,Binders and Binder Accessories
685,Epson LQ-570e Dot Matrix Printer,Noah Childs,49216,-172.48,Manitoba,Office Machines
686,Staples Premium Bright 1-Part Blank Computer Paper,Noah Childs,49216,30.63,Manitoba,Paper
687,Okidata ML390 Turbo Dot Matrix Printers,Evan Minnotte,49990,501.51,Manitoba,Office Machines
688,Hon Metal Bookcases,Guy Armstrong,50081,-88.75,Manitoba,Bookcases
689,24 Capacity Maxi Data Binder Racks,Guy Armstrong,50404,905.57,Manitoba,Storage & Organization
690,Lesro Round Back Collection Coffee Table,Guy Armstrong,50404,-367,Manitoba,Tables
691,PC Concepts 116 Key Quantum 3000 Keyboard,Chuck Magee,50784,-130.88,Manitoba,Computer Peripherals
692,Wilson Jones Ledger-Size,Greg Guthrie,50850,578.14,Manitoba,Binders and Binder Accessories
693,Bretford “Just In Time” Height-Adjustable Multi-Task Work Tables,Greg Guthrie,50850,-634.87,Manitoba,Tables
694,Accessory17,Carlos Soltero,51075,-160.68,Manitoba,Telephones and Communication
695,Telescoping Adjustable Floor Lamp,Greg Guthrie,51461,-97.54,Manitoba,Office Furnishings
696,Xerox 1898,Greg Guthrie,51558,-87.27,Manitoba,Paper
697,Barricks Non-Folding Utility Table with Steel Legs,Greg Guthrie,51558,85.29,Manitoba,Tables
698,ACCOHIDE® Binder by Acco,Carlos Soltero,52130,-39.96,Manitoba,Binders and Binder Accessories
699,Eldon Executive Woodline II Cherry Finish Desk Accessories,Carlos Soltero,52130,-4.01,Manitoba,Office Furnishings
700,Belkin 8 Outlet Surge Protector,Greg Guthrie,52482,163.78,Manitoba,Appliances
701,"Executive Impressions 14"" Contract Wall Clock",Greg Guthrie,52482,217.06,Manitoba,Office Furnishings
702,Holmes Replacement Filter for HEPA Air Cleaner,Christopher Schild,53410,-253.11,Manitoba,Appliances
703,Bevis Steel Folding Chairs,Joy Smith,53477,-1207.18,Manitoba,Chairs & Chairmats
704,Global Leather and Oak Executive Chair,Joy Smith,53477,1261.44,Manitoba,Chairs & Chairmats
705,Snap-A-Way® Black Print Carbonless Ruled Speed Letter,Joy Smith,53477,536.87,Manitoba,Paper
706,Fellowes Super Stor/Drawer® Files,Joy Smith,53477,610.9,Manitoba,Storage & Organization
707,Logitech Cordless Navigator Duo,Joy Smith,53508,149.64,Manitoba,Computer Peripherals
708,Sharp EL500L Fraction Calculator,Joy Smith,53508,-32.42,Manitoba,Office Machines
709,White GlueTop Scratch Pads,Joy Smith,53508,1.06,Manitoba,Paper
710,Fellowes Strictly Business® Drawer File,Guy Armstrong,53703,-34.79,Manitoba,Storage & Organization
711,Eureka Sanitaire ® Multi-Pro Heavy-Duty Upright,Brian Moss,54115,-80.05,Manitoba,Appliances
712,Cardinal Holdit Business Card Pockets,Brian Moss,54115,-89.42,Manitoba,Binders and Binder Accessories
713,Accessory36,Logan Haushalter,54437,-311.05,Manitoba,Telephones and Communication
714,T193,Guy Armstrong,54501,481.7,Manitoba,Telephones and Communication
715,Sharp EL500L Fraction Calculator,Guy Armstrong,54501,-33.03,Manitoba,Office Machines
716,Tennsco Commercial Shelving,Guy Armstrong,54501,-1195.29,Manitoba,Storage & Organization
717,T39m,Christopher Schild,54753,1380.32,Manitoba,Telephones and Communication
718,Tennsco Industrial Shelving,Jim Sink,55138,-628.38,Manitoba,Storage & Organization
719,Office Star Flex Back Scooter Chair with Aluminum Finish Frame,Carlos Soltero,55271,-210.14,Manitoba,Chairs & Chairmats
720,Colored Envelopes,Jennifer Braxton,55331,-8.24,Manitoba,Envelopes
721,Accessory13,Brian Moss,55618,479.95,Manitoba,Telephones and Communication
722,Xerox 197,Harold Engle,56645,65.82,Manitoba,Paper
723,Bretford CR4500 Series Slim Rectangular Table,Harold Engle,56645,3277.57,Manitoba,Tables
724,Xerox 1976,Carlos Soltero,56803,-103.27,Manitoba,Paper
725,Hon 2090 “Pillow Soft” Series Mid Back Swivel/Tilt Chairs,Hilary Holden,57159,-635.65,Manitoba,Chairs & Chairmats
726,Hammermill Color Copier Paper (28Lb. and 96 Bright),Hilary Holden,57159,-214.39,Manitoba,Paper
727,GBC Prepunched Paper,Logan Haushalter,57507,-19.68,Manitoba,Binders and Binder Accessories
728,"Acme Design Line 8"" Stainless Steel Bent Scissors w/Champagne Handles",Guy Armstrong,57922,-287.28,Manitoba,"Scissors, Rulers and Trimmers"
729,Serrated Blade or Curved Handle Hand Letter Openers,Erica Bern,58117,-62.84,Manitoba,"Scissors, Rulers and Trimmers"
730,"GE 48"" Fluorescent Tube",Logan Haushalter,58278,2093.7,Manitoba,Office Furnishings
731,Accessory4,Logan Haushalter,58278,-434.56,Manitoba,Telephones and Communication
732,Hon GuestStacker Chair,Harold Engle,58502,1009.38,Manitoba,Chairs & Chairmats
733,Belkin ErgoBoard™ Keyboard,Christopher Schild,58788,43.72,Manitoba,Computer Peripherals
734,TOPS Money Receipt Book,Helen Abelman,58947,102.58,Manitoba,Paper
735,Xerox 1989,Helen Abelman,58947,-67.79,Manitoba,Paper
736,GE 4 Foot Flourescent Tube,Jack Lebron,59074,70.8,British Columbia,Office Furnishings
737,Bush Westfield Collection Bookcases,Jack Lebron,59233,-160.46,British Columbia,Bookcases
738,Nu-Dell Leatherette Frames,Jack Lebron,59233,7.69,British Columbia,Office Furnishings
739,Micro Innovations Micro Digital Wireless Keyboard and Mouse,Giulietta Baptist,59425,717.12,British Columbia,Computer Peripherals
740,Snap-A-Way® Black Print Carbonless Ruled Speed Letter,Giulietta Baptist,59425,741.27,British Columbia,Paper
741,Xerox 1994,Jim Sink,59750,-66.05,British Columbia,Paper
742,Dixon Ticonderoga Core-Lock Colored Pencils,Julie Creighton,35,60.72,British Columbia,Pens & Art Supplies
743,CF 688,Julie Creighton,35,48.99,British Columbia,Telephones and Communication
744,Fellowes Staxonsteel® Drawer Files,Sanjit Chand,294,489.02,British Columbia,Storage & Organization
745,Panasonic KP-350BK Electric Pencil Sharpener with Auto Stop,Matt Collins,450,109.33,British Columbia,Pens & Art Supplies
746,Hanging Personal Folder File,Matt Collins,450,-211.13,British Columbia,Storage & Organization
747,Memorex 4.7GB DVD+RW,Matt Collins,1028,-28.46,British Columbia,Computer Peripherals
748,3285,Matt Collins,1028,-60.39,British Columbia,Telephones and Communication
749,Wirebound Message Books,Justin Knight,1314,-7.61,British Columbia,Paper
750,Office Star - Task Chair with Contemporary Loop Arms,Rob Haberlin,2279,205.83,British Columbia,Chairs & Chairmats
751,Acco Perma® 3000 Stacking Storage Drawers,Rob Haberlin,2279,52.53,British Columbia,Storage & Organization
752,80 Minute CD-R Spindle,Rob Haberlin,2465,271.87,British Columbia,Computer Peripherals
753,Avery 479,Rob Haberlin,2530,4.58,British Columbia,Labels
754,Fellowes Bankers Box™ Staxonsteel® Drawer File/Stacking System,Rob Haberlin,2883,177.66,British Columbia,Storage & Organization
755,Imation Printable White 80 Minute CD-R Spindle,Christina Vanderzanden,3362,734.75,British Columbia,Computer Peripherals
756,Eldon® Gobal File Keepers,Christina Vanderzanden,3362,-109.1,British Columbia,Storage & Organization
757,Kensington 7 Outlet MasterPiece® HOMEOFFICE Power Control Center,Matt Collins,5318,195.16,British Columbia,Appliances
758,2160i,Matt Collins,5318,1196.37,British Columbia,Telephones and Communication
759,Sharp AL-1530CS Digital Copier,Sanjit Chand,5988,-379.29,British Columbia,Copiers and Fax
760,"Seth Thomas 13 1/2"" Wall Clock",Matt Collins,6115,78.86,British Columbia,Office Furnishings
761,Tenex Carpeted,Justin Knight,6337,-912.08,British Columbia,Office Furnishings
762,Bretford Rectangular Conference Table Tops,Justin Knight,6337,-261.61,British Columbia,Tables
763,Wirebound Voice Message Log Book,Rob Haberlin,6434,14.49,British Columbia,Paper
764,80 Minute CD-R Spindle,Lena Cacioppo,7136,88.72,British Columbia,Computer Peripherals
765,Avery 493,Lena Cacioppo,7136,17.05,British Columbia,Labels
766,O'Sullivan Manor Hill 2-Door Library in Brianna Oak,Kimberly Carter,7489,552.97,British Columbia,Bookcases
767,Novimex Swivel Fabric Task Chair,Gene Hale,7968,-270,British Columbia,Chairs & Chairmats
768,"Imation Primaris 3.5"" 2HD Unformatted Diskettes",Christina Vanderzanden,8227,-43.21,British Columbia,Computer Peripherals
769,Project Tote Personal File,Matt Collins,9123,-108.28,British Columbia,Storage & Organization
770,3M Organizer Strips,Sally Knutson,9792,-73.14,British Columbia,Binders and Binder Accessories
771,"Imation 3.5"" DS-HD Macintosh Formatted Diskettes",Kimberly Carter,9860,-73.66,British Columbia,Computer Peripherals
772,Sanford Colorific Colored Pencils,Christina Vanderzanden,10310,9.59,British Columbia,Pens & Art Supplies
773,R380,Christina Vanderzanden,10310,-655.42,British Columbia,Telephones and Communication
774,Xerox 1899,Kimberly Carter,10369,-12.38,British Columbia,Paper
775,Imation IBM Formatted Diskettes,Kimberly Carter,10369,-95.54,British Columbia,Computer Peripherals
776,Barrel Sharpener,Rob Haberlin,10692,-69.91,British Columbia,Pens & Art Supplies
777,2160i,Rob Haberlin,10692,2369.84,British Columbia,Telephones and Communication
778,A1228,Rob Haberlin,10692,-457.16,British Columbia,Telephones and Communication
779,Gould Plastics 9-Pocket Panel Bin,Justin Knight,11553,-517.17,British Columbia,Storage & Organization
780,Bush Westfield Collection Bookcases,Justin Knight,11553,-429.86,British Columbia,Bookcases
781,Accessory34,Justin Knight,11553,365.42,British Columbia,Telephones and Communication
782,Bagged Rubber Bands,Christina Vanderzanden,11776,-14.1,British Columbia,Rubber Bands
783,Hammermill CopyPlus Copy Paper (20Lb. and 84 Bright),Marina Lichtenstein,11782,-63.72,British Columbia,Paper
784,Panasonic All Digital Answering System with Caller ID*,Marina Lichtenstein,11782,14.35,British Columbia,Telephones and Communication
785,Wilson Jones® Four-Pocket Poly Binders,Justin Knight,12199,-10.73,British Columbia,Binders and Binder Accessories
786,Dual Level,Justin Knight,12199,3051.62,British Columbia,Storage & Organization
787,Economy Binders,Gene Hale,14275,-7.73,British Columbia,Binders and Binder Accessories
788,Office Star - Mid Back Dual function Ergonomic High Back Chair with 2-Way Adjustable Arms,Gene Hale,14275,-187.75,British Columbia,Chairs & Chairmats
789,X-Rack™ File for Hanging Folders,Gene Hale,14535,-33.82,British Columbia,Storage & Organization
790,Verbatim DVD-RAM,Rob Haberlin,15329,319.52,British Columbia,Computer Peripherals
791,Newell 323,Gene Hale,15621,-13.95,British Columbia,Pens & Art Supplies
792,Eldon Portable Mobile Manager,Gene Hale,15621,-136.2,British Columbia,Storage & Organization
793,Avery Binder Labels,Michelle Arnett,17826,-88.61,British Columbia,Binders and Binder Accessories
794,Eldon Jumbo ProFile™ Portable File Boxes Graphite/Black,Sally Knutson,17926,-70.04,British Columbia,Storage & Organization
795,Master Giant Foot® Doorstop,Rob Haberlin,18247,27.22,British Columbia,Office Furnishings
796,Newell 315,Justin Knight,18471,46.41,British Columbia,Pens & Art Supplies
797,Kleencut® Forged Office Shears by Acme United Corporation,Justin Knight,18471,-8.02,British Columbia,"Scissors, Rulers and Trimmers"
798,Xerox 1983,Justin Knight,18471,-47.12,British Columbia,Paper
799,T61,Lena Cacioppo,19813,218.73,British Columbia,Telephones and Communication
800,Avery Poly Binder Pockets,Seth Vernon,20322,-183.36,British Columbia,Binders and Binder Accessories
801,Bush Westfield Collection Bookcases,Seth Vernon,20322,-129.53,British Columbia,Bookcases
802,Xerox 196,Seth Vernon,20322,-72.28,British Columbia,Paper
803,Nu-Dell Leatherette Frames,Gene Hale,20422,115.21,British Columbia,Office Furnishings
804,Colored Envelopes,Luke Weiss,20448,6.84,British Columbia,Envelopes
805,Pressboard Covers with Storage Hooks,Justin Knight,21892,-18.34,British Columbia,Binders and Binder Accessories
806,Eldon Simplefile® Box Office®,Rob Haberlin,22980,-27.92,British Columbia,Storage & Organization
807,6190,Julie Creighton,23907,-164.46,British Columbia,Telephones and Communication
808,Panasonic KX-P3200 Dot Matrix Printer,Sanjit Chand,24064,935.8,British Columbia,Office Machines
809,Wilson Jones DublLock® D-Ring Binders,Justin Knight,24132,-4.49,British Columbia,Binders and Binder Accessories
810,Wilson Jones Hanging View Binder,Justin Knight,24132,-101.25,British Columbia,Binders and Binder Accessories
811,Fellowes Basic 104-Key Keyboard,Justin Knight,24132,-1.88,British Columbia,Computer Peripherals
812,Ibico Recycled Linen-Style Covers,Justin Knight,24132,339.75,British Columbia,Binders and Binder Accessories
813,Self-Adhesive Ring Binder Labels,Justin Knight,24132,-57.75,British Columbia,Binders and Binder Accessories
814,Tenex File Box,Justin Knight,24132,-47.97,British Columbia,Storage & Organization
815,1726 Digital Answering Machine,Luke Weiss,24576,24.56,British Columbia,Telephones and Communication
816,DAX Clear Channel Poster Frame,Luke Weiss,24576,38.02,British Columbia,Office Furnishings
817,80 Minute Slim Jewel Case CD-R ,Christina Vanderzanden,25248,29.21,British Columbia,Computer Peripherals
818,Xerox 1891,Christina Vanderzanden,25248,418.19,British Columbia,Paper
819,Xerox 220,Lena Cacioppo,25475,-191.49,British Columbia,Paper
820,Computer Printout Paper with Letter-Trim Perforations,Seth Vernon,26978,-21.2,British Columbia,Paper
821,Wausau Papers Astrobrights® Colored Envelopes,Sanjit Chand,27105,39.63,British Columbia,Envelopes
822,"Executive Impressions 8-1/2"" Career Panel/Partition Cubicle Clock",Sanjit Chand,27105,26.21,British Columbia,Office Furnishings
823,Belkin MediaBoard 104- Keyboard,Julie Creighton,28068,-43.96,British Columbia,Computer Peripherals
824,"Executive Impressions 12"" Wall Clock",Sanjit Chand,28802,51.36,British Columbia,Office Furnishings
825,Southworth 25% Cotton Antique Laid Paper & Envelopes,Sanjit Chand,28802,25.95,British Columbia,Paper
826,6185,Sanjit Chand,28802,884.91,British Columbia,Telephones and Communication
827,Eldon Spacemaker® Box,Anthony Johnson,28839,-175.86,British Columbia,Pens & Art Supplies
828,Xerox 1995,Anthony Johnson,29252,-15.44,British Columbia,Paper
829,Honeywell Quietcare HEPA Air Cleaner,Kimberly Carter,31941,650.73,British Columbia,Appliances
830,Xerox 1993,Kimberly Carter,31941,-43.5,British Columbia,Paper
831,Hon Deluxe Fabric Upholstered Stacking Chairs,Marina Lichtenstein,32418,-131.31,British Columbia,Chairs & Chairmats
832,Strathmore #10 Envelopes,Sanjit Chand,34241,16.23,British Columbia,Envelopes
833,Fellowes 8 Outlet Superior Workstation Surge Protector,Sally Knutson,34816,267.16,British Columbia,Appliances
834,Tyvek Interoffice Envelopes,Sally Knutson,34816,590.77,British Columbia,Envelopes
835,Fiskars® Softgrip Scissors,Luke Weiss,35011,-2.31,British Columbia,"Scissors, Rulers and Trimmers"
836,Sanyo 2.5 Cubic Foot Mid-Size Office Refrigerators,Anthony Johnson,36068,1243.17,British Columbia,Appliances
837,Accessory20,Michelle Arnett,36930,1325.82,British Columbia,Telephones and Communication
838,Xerox 1971,Luke Weiss,37315,-133.68,British Columbia,Paper
839,5165,Luke Weiss,37315,1176.48,British Columbia,Telephones and Communication
840,Lexmark Z54se Color Inkjet Printer,Luke Weiss,37925,1265.82,British Columbia,Office Machines
841,StarTAC 7760,Luke Weiss,37925,394.45,British Columbia,Telephones and Communication
842,Premier Elliptical Ring Binder,Rob Haberlin,38021,709.33,British Columbia,Binders and Binder Accessories
843,Wilson Jones DublLock® D-Ring Binders,Julie Creighton,38336,2.82,British Columbia,Binders and Binder Accessories
844,Micro Innovations 104 Keyboard,Julie Creighton,38336,-116.45,British Columbia,Computer Peripherals
845,Eldon Expressions Punched Metal & Wood Desk Accessories,Justin Knight,38565,-11.69,British Columbia,Office Furnishings
846,Eureka Disposable Bags for Sanitaire® Vibra Groomer I® Upright Vac,Sally Knutson,39783,-94.76,British Columbia,Appliances
847,GBC Standard Plastic Binding Systems Combs,Sally Knutson,39783,5.02,British Columbia,Binders and Binder Accessories
848,Avery 520,Sally Knutson,39783,39.9,British Columbia,Labels
849,Fellowes Premier Superior Surge Suppressor,Michelle Arnett,42500,437.07,British Columbia,Appliances
850,Cardinal Slant-D® Ring Binder,Michelle Arnett,42500,-10.48,British Columbia,Binders and Binder Accessories
851,Fiskars® Softgrip Scissors,Julie Creighton,44162,42.76,British Columbia,"Scissors, Rulers and Trimmers"
852,TOPS Money Receipt Book,Sally Knutson,44256,48.45,British Columbia,Paper
853,Xerox 226,Sally Knutson,44256,-38.72,British Columbia,Paper
854,Sanford 52201 APSCO Electric Pencil Sharpener,Sally Knutson,44256,182.15,British Columbia,Pens & Art Supplies
855,Laminate Occasional Tables,Sally Knutson,44320,-1640.51,British Columbia,Tables
856,Round Ring Binders,Kimberly Carter,45377,-22.9,British Columbia,Binders and Binder Accessories
857,Durable Pressboard Binders,Rob Haberlin,47367,-0.17,British Columbia,Binders and Binder Accessories
858,Avery 52,Rob Haberlin,47367,2.28,British Columbia,Labels
859,Avery 492,Sally Knutson,47750,36.64,British Columbia,Labels
860,"Executive Impressions 13"" Chairman Wall Clock",Sally Knutson,47750,216.12,British Columbia,Office Furnishings
861,Binder Posts,Marina Lichtenstein,48388,-13.33,British Columbia,Binders and Binder Accessories
862,Avery 498,Christina DeMoss,49059,45.51,British Columbia,Labels
863,Xerox 1891,Christina DeMoss,49059,32.86,British Columbia,Paper
864,DIXON Oriole® Pencils,Luke Weiss,49510,-6.22,British Columbia,Pens & Art Supplies
865,Avery Durable Binders,Sally Knutson,49634,10.91,British Columbia,Binders and Binder Accessories
866,Avery 510,Michelle Arnett,50210,82.3,British Columbia,Labels
867,Super Bands,Michelle Arnett,50210,-30.26,British Columbia,Rubber Bands
868,iDEN i95,Sanjit Chand,50503,-186.33,British Columbia,Telephones and Communication
869,Staples 6 Outlet Surge,Anthony Johnson,50816,-35.94,British Columbia,Appliances
870,Lock-Up Easel 'Spel-Binder',Anthony Johnson,50816,302.8,British Columbia,Binders and Binder Accessories
871,Memorex 4.7GB DVD+R,Anthony Johnson,50816,-12.46,British Columbia,Computer Peripherals
872,3M Polarizing Task Lamp with Clamp Arm,Luke Weiss,51073,958.8,British Columbia,Office Furnishings
873,Advantus Employee of the Month Certificate Frame,Luke Weiss,51073,813.35,British Columbia,Office Furnishings
874,Office Star Flex Back Scooter Chair with White Frame,Rob Haberlin,51584,176.04,British Columbia,Chairs & Chairmats
875,"Howard Miller 11-1/2"" Diameter Ridgewood Wall Clock",Monica Federle,51879,372.26,British Columbia,Office Furnishings
876,Southworth 25% Cotton Premium Laser Paper and Envelopes,Monica Federle,51879,212.06,British Columbia,Paper
877,Howard Miller 12-3/4 Diameter Accuwave DS ™ Wall Clock,Kimberly Carter,52288,545.11,British Columbia,Office Furnishings
878,Lock-Up Easel 'Spel-Binder',Michelle Arnett,53190,74.64,British Columbia,Binders and Binder Accessories
879,StarTAC 7760,Michelle Arnett,53190,-170.53,British Columbia,Telephones and Communication
880,"Seth Thomas 12"" Clock w/ Goldtone Case",Sanjit Chand,53536,109.16,British Columbia,Office Furnishings
881,Bevis Round Conference Room Tables and Bases,Sanjit Chand,53536,-234.59,British Columbia,Tables
882,#10 Self-Seal White Envelopes,Marina Lichtenstein,53572,4.79,British Columbia,Envelopes
883,Xerox 1885,Joy Smith,53825,649.8,British Columbia,Paper
884,Fellowes Super Stor/Drawer® Files,Christina DeMoss,53863,1660.15,British Columbia,Storage & Organization
885,Advantus Push Pins,Monica Federle,54119,-43.45,British Columbia,Rubber Bands
886,Acco Perma® 2700 Stacking Storage Drawers,Monica Federle,54119,-41.75,British Columbia,Storage & Organization
887,Acco Pressboard Covers with Storage Hooks,Michelle Arnett,56224,-117.27,British Columbia,Binders and Binder Accessories
888,Bevis Steel Folding Chairs,Michelle Arnett,56224,-1115.99,British Columbia,Chairs & Chairmats
889,Staples Vinyl Coated Paper Clips,Michelle Arnett,56224,48.59,British Columbia,Rubber Bands
890,Bevis 36 x 72 Conference Tables,Michelle Arnett,56224,-153.25,British Columbia,Tables
891,Telescoping Adjustable Floor Lamp,Michelle Arnett,56293,-44.81,British Columbia,Office Furnishings
892,Tenex Personal Self-Stacking Standard File Box,Michelle Arnett,56293,-27.72,British Columbia,Storage & Organization
893,Advantus Push Pins,Sally Knutson,57959,-32.06,British Columbia,Rubber Bands
894,Micro Innovations Micro 3000 Keyboard,Sally Knutson,57959,-65.33,British Columbia,Computer Peripherals
895,LX 677,Christina DeMoss,58500,14.01,British Columbia,Telephones and Communication
896,Bush Westfield Collection Bookcases,Joy Smith,59584,-160.46,British Columbia,Bookcases
897,Canon MP41DH Printing Calculator,Joy Smith,59584,16.81,British Columbia,Office Machines
898,7160,Sonia Sunley,261,1680.79,British Columbia,Telephones and Communication
899,Belkin 8 Outlet SurgeMaster II Gold Surge Protector,Anthony O'Donnell,928,300.97,British Columbia,Appliances
900,DAX Clear Channel Poster Frame,Anthony O'Donnell,928,45,British Columbia,Office Furnishings
901,Memorex 4.7GB DVD-RAM,Emily Grady,1282,366.48,British Columbia,Computer Peripherals
902,Prang Drawing Pencil Set,Emily Grady,1282,-2.06,British Columbia,Pens & Art Supplies
903,Euro Pro Shark Stick Mini Vacuum,Alex Avila,1856,-712.14,British Columbia,Appliances
904,M3682,Alex Avila,1856,973.16,British Columbia,Telephones and Communication
905,StarTAC 6500,Alex Avila,1856,676.13,British Columbia,Telephones and Communication
906,SAFCO Arco Folding Chair,Brian Moss,1925,67.84,British Columbia,Chairs & Chairmats
907,Eldon Advantage® Chair Mats for Low to Medium Pile Carpets,Emily Grady,2848,-303.62,British Columbia,Office Furnishings
908,SC7868i,Emily Grady,2848,-264.28,British Columbia,Telephones and Communication
909,HP Office Recycled Paper (20Lb. and 87 Bright),Anna Andreadi,5504,-20.33,British Columbia,Paper
910,KF 788,Anna Andreadi,5504,20.23,British Columbia,Telephones and Communication
911,Logitech Internet Navigator Keyboard,Emily Grady,8390,-99.34,British Columbia,Computer Peripherals
912,ACCOHIDE® Binder by Acco,Barbara Fisher,8545,-77.34,British Columbia,Binders and Binder Accessories
913,O'Sullivan Elevations Bookcase,Barbara Fisher,8545,-662.8,British Columbia,Bookcases
914,Serrated Blade or Curved Handle Hand Letter Openers,Emily Grady,9573,-59.91,British Columbia,"Scissors, Rulers and Trimmers"
915,Tyvek ® Top-Opening Peel & Seel Envelopes,Kelly Williams,9892,424.36,British Columbia,Envelopes
916,Keytronic 105-Key Spanish Keyboard,Sonia Sunley,10048,97.16,British Columbia,Computer Peripherals
917,*Staples* vLetter Openers,Sonia Sunley,10048,-20.65,British Columbia,"Scissors, Rulers and Trimmers"
918,Hon 4700 Series Mobuis™ Mid-Back Task Chairs with Adjustable Arms,Sonia Sunley,10144,103.83,British Columbia,Chairs & Chairmats
919,Office Star - Mid Back Dual function Ergonomic High Back Chair with 2-Way Adjustable Arms,Sonia Sunley,10144,-98.3,British Columbia,Chairs & Chairmats
920,Global Adaptabilities™ Conference Tables,Sonia Sunley,10144,539.54,British Columbia,Tables
921,Motorola SB4200 Cable Modem,Sonia Sunley,10432,220.39,British Columbia,Computer Peripherals
922,"Acme Design Line 8"" Stainless Steel Bent Scissors w/Champagne Handles",Jocasta Rupert,10661,-99.34,British Columbia,"Scissors, Rulers and Trimmers"
923,Jet-Pak Recycled Peel 'N' Seal Padded Mailers,Sonia Sunley,12806,107.93,British Columbia,Envelopes
924,Wilson Jones DublLock® D-Ring Binders,Kelly Williams,13158,29.33,British Columbia,Binders and Binder Accessories
925,Strathmore Photo Mount Cards,Anna Andreadi,13507,-75.71,British Columbia,Paper
926,Xerox 1978,Rick Duston,14375,-21.77,British Columbia,Paper
927,GBC White Gloss Covers,Sonia Sunley,14627,67.86,British Columbia,Binders and Binder Accessories
928,GBC DocuBind 200 Manual Binding Machine,Angele Hood,14852,1234.57,British Columbia,Binders and Binder Accessories
929,Self-Adhesive Address Labels for Typewriters by Universal,Sonia Sunley,16230,-7.86,British Columbia,Labels
930,O'Sullivan Elevations Bookcase,Sonia Sunley,16230,-801.09,British Columbia,Bookcases
931,Xerox 1891,Sonia Sunley,16230,223.76,British Columbia,Paper
932,Fellowes Recycled Storage Drawers,Sonia Sunley,16230,506.86,British Columbia,Storage & Organization
933,"1.7 Cubic Foot Compact ""Cube"" Office Refrigerators",Sonia Sunley,19074,191.47,British Columbia,Appliances
934,DAX Contemporary Wood Frame with Silver Metal Mat,Dennis Bolton,20194,68.89,British Columbia,Office Furnishings
935,Newell 312,Stewart Carmichael,21024,33.8,British Columbia,Pens & Art Supplies
936,Avery 487,Dennis Bolton,21509,15.82,British Columbia,Labels
937,Avery 487,Sonia Sunley,21856,71.77,British Columbia,Labels
938,Serrated Blade or Curved Handle Hand Letter Openers,Sonia Sunley,21856,-47.75,British Columbia,"Scissors, Rulers and Trimmers"
939,Eureka Hand Vacuum,Stewart Carmichael,22119,-122.77,British Columbia,Appliances
940,Airmail Envelopes,Kelly Williams,22534,-44.18,British Columbia,Envelopes
941,Keytronic French Keyboard,Sonia Sunley,22629,-243.02,British Columbia,Computer Peripherals
942,TDK 4.7GB DVD-R,Kelly Williams,23011,-33.93,British Columbia,Computer Peripherals
943,Pressboard Covers with Storage Hooks,Sonia Sunley,24070,-98.31,British Columbia,Binders and Binder Accessories
944,Hon Olson Stacker Stools,Sonia Sunley,24070,-164.59,British Columbia,Chairs & Chairmats
945,Newell 314,Sonia Sunley,24070,88.8,British Columbia,Pens & Art Supplies
946,Global Ergonomic Managers Chair,Sonia Sunley,24737,-210.97,British Columbia,Chairs & Chairmats
947,Xerox 1995,Sonia Sunley,24737,-28.15,British Columbia,Paper
948,Belkin 8 Outlet Surge Protector,Anna Andreadi,26373,2.3,British Columbia,Appliances
949,Canon Image Class D660 Copier,Seth Vernon,26978,-635.69,British Columbia,Copiers and Fax
950,Xerox 1919,Seth Vernon,26978,938.26,British Columbia,Paper
951,Eldon Jumbo ProFile™ Portable File Boxes Graphite/Black,Seth Vernon,26978,-157.44,British Columbia,Storage & Organization
952,Accessory27,Alex Avila,27174,-245.56,British Columbia,Telephones and Communication
953,Berol Giant Pencil Sharpener,Sarah Foster,27876,-70.54,British Columbia,Pens & Art Supplies
954,Verbatim DVD-R 4.7GB authoring disc,Alex Avila,28582,423.87,British Columbia,Computer Peripherals
955,TOPS Money Receipt Book,Alex Avila,28582,87.96,British Columbia,Paper
956,Xerox 227,Anna Andreadi,28868,-142.3,British Columbia,Paper
957,Sauder Forest Hills Library,Angele Hood,29857,-639.47,British Columbia,Bookcases
958,GBC VeloBinder Electric Binding Machine,Sonia Sunley,29921,1733.47,British Columbia,Binders and Binder Accessories
959,Accessory4,Kelly Williams,30659,-106.51,British Columbia,Telephones and Communication
960,Lesro Sheffield Collection Coffee Table,Anna Andreadi,30660,-647.14,British Columbia,Tables
961,Adams Phone Message Book,Alex Avila,30883,59.84,British Columbia,Paper
962,Microsoft Internet Keyboard,Jim Karlsson,32871,9.72,British Columbia,Computer Peripherals
963,Xerox 1962,Sonia Sunley,33600,-94.36,British Columbia,Paper
964,636,Alex Avila,33632,-277.78,British Columbia,Telephones and Communication
965,Global Commerce™ Series High-Back Swivel/Tilt Chairs,Lisa DeCherney,33665,1063.46,British Columbia,Chairs & Chairmats
966,Wilson Jones Easy Flow II™ Sheet Lifters,Barbara Fisher,34434,-63.19,British Columbia,Binders and Binder Accessories
967,Avery White Multi-Purpose Labels,Barbara Fisher,34434,50.66,British Columbia,Labels
968,Accessory25,Barbara Fisher,34753,-63.7,British Columbia,Telephones and Communication
969,Xerox 199,Lisa DeCherney,35364,-54.75,British Columbia,Paper
970,Bretford Rectangular Conference Table Tops,Lisa DeCherney,35364,-871.52,British Columbia,Tables
971,Bush Advantage Collection® Racetrack Conference Table,Lisa DeCherney,35364,455.02,British Columbia,Tables
972,T28 WORLD,Lisa DeCherney,35364,-554.44,British Columbia,Telephones and Communication
973,Hon Comfortask® Task/Swivel Chairs,Barbara Fisher,35812,-112.62,British Columbia,Chairs & Chairmats
974,Fellowes 17-key keypad for PS/2 interface,Barbara Fisher,35812,-147.81,British Columbia,Computer Peripherals
975,Xerox 1938,Barbara Fisher,35812,307.64,British Columbia,Paper
976,"Executive Impressions 12"" Wall Clock",Alex Avila,37063,89.6,British Columbia,Office Furnishings
977,1726 Digital Answering Machine,Roy Skaria,37281,3.31,British Columbia,Telephones and Communication
978,Hon 4070 Series Pagoda™ Armless Upholstered Stacking Chairs,Angele Hood,37798,813.49,British Columbia,Chairs & Chairmats
979,Rediform S.O.S. Phone Message Books,Seth Vernon,38017,45.14,British Columbia,Paper
980,StarTAC 3000,Seth Vernon,38017,453.65,British Columbia,Telephones and Communication
981,Staples® General Use 3-Ring Binders,Sarah Foster,38272,-20.65,British Columbia,Binders and Binder Accessories
982,Adesso Programmable 142-Key Keyboard,Kelly Williams,39301,-521.09,British Columbia,Computer Peripherals
983,ACCOHIDE® 3-Ring Binder,Dennis Bolton,39367,-146.97,British Columbia,Binders and Binder Accessories
984,Ampad #10 Peel & Seel® Holiday Envelopes,Dennis Bolton,39367,5.9,British Columbia,Envelopes
985,"Imation 3.5"" DS-HD Macintosh Formatted Diskettes",Roy Skaria,39655,-72.43,British Columbia,Computer Peripherals
986,Durable Pressboard Binders,Jim Karlsson,40803,9.24,British Columbia,Binders and Binder Accessories
987,Global Leather and Oak Executive Chair,Jim Karlsson,40803,1512.07,British Columbia,Chairs & Chairmats
988,3M Organizer Strips,Barbara Fisher,40806,-41.26,British Columbia,Binders and Binder Accessories
989,Xerox 1983,Anna Andreadi,43523,-97.23,British Columbia,Paper
990,Advantus Map Pennant Flags and Round Head Tacks,Seth Vernon,44199,-6.33,British Columbia,Rubber Bands
991,Office Star - Mid Back Dual function Ergonomic High Back Chair with 2-Way Adjustable Arms,Alex Avila,44231,116.1,British Columbia,Chairs & Chairmats
992,Belkin 107-key enhanced keyboard,Alex Avila,44231,-87.96,British Columbia,Computer Peripherals
993,5185,Alex Avila,44231,311.64,British Columbia,Telephones and Communication
994,Hon Every-Day® Chair Series Swivel Task Chairs,Sonia Sunley,45573,-151.46,British Columbia,Chairs & Chairmats
995,Avery 494,Lisa DeCherney,45763,24.28,British Columbia,Labels
996,Xerox 1905,Dennis Bolton,48165,-147.27,British Columbia,Paper
997,Dana Halogen Swing-Arm Architect Lamp,Anthony O'Donnell,48197,154.74,British Columbia,Office Furnishings
998,Maxell DVD-RAM Discs,Barbara Fisher,48484,67.96,British Columbia,Computer Peripherals
999,DAX Contemporary Wood Frame with Silver Metal Mat,Barbara Fisher,48484,133.83,British Columbia,Office Furnishings
1000,Computer Printout Paper with Letter-Trim Perforations,Barbara Fisher,48484,153.8,British Columbia,Paper
